01/24/2025 10:58:58Time	T_hot_in(C)	T_cold_in(C)	T_cold_out(C)	T_hot_out(C)	mdot_cold(kg/s)	ASFASIFUAS(kg/s)	Diferencial_cold(bar)	Diferencial_hot(bar)	mdot_hot(kg/s)	ABS_cold(bar)	ABS_hot(bar)	q_cold(kW)	q_hot(kW)	ASFASYFY	Tau_cold_haste	Re_hot	Re_cold	U_global	PSIG_cold(bar)	R_fouling	PSIG_hot(bar)	PSID_hot(bar)	m_dot_hot	PSID_cold(bar)	m_dot_cold
2,04348  	0,00000  	0,00000  	0,00000  	0,00000  	-1,18512  	-0,20833  	-0,25900  	-0,86180  	-3,02442  	-1,72343  	-1,72415  	-0,00000  	-0,00000  	-254,35069  	-76,44127  	-9234,48090  	-3618,55272  	NaN  	NaN  	0,00000  	0,00000  	0,00000  	0,00000  	0,00000  	0,00000  	0,00000  
3,04425  	-244,98909  	1327,75450  	-244,98909  	25,32817  	0,04629  	-0,00399  	-15815,93170  	-0,00104  	0,00350  	-0,03394  	-0,03588  	25121,81725  	3362,35379  	-0,30608  	-4667896,50935  	0,58713  	0,18281  	-Inf  	-Inf  	0,00406  	0,00400  	0,00396  	0,00392  	-244,98909  	0,00399  	0,00400  
4,04567  	-244,98909  	1327,75450  	883,28531  	25,32761  	0,04628  	-0,00172  	57012,46556  	-0,00333  	0,00325  	-0,01519  	-0,01715  	2445741,93294  	950,11853  	-0,98207  	16826595,73706  	0,54607  	0,00789  	-Inf  	-Inf  	0,00405  	0,00398  	0,00396  	0,00397  	883,14267  	0,00399  	0,00400  
5,04783  	774,05848  	308,74968  	1327,82053  	25,33004  	0,05030  	0,01435  	19928,56459  	-0,00530  	0,16886  	0,11764  	0,11559  	51291972,56273  	168005,04396  	-1,56419  	5881694,41080  	2,76917  	0,03141  	-Inf  	-Inf  	0,00406  	0,00398  	0,00396  	0,00428  	308,70292  	0,00400  	0,00422  
6,04881  	304,97513  	777,81335  	304,97515  	25,41225  	0,04443  	0,03720  	-15815,93170  	0,00131  	0,40747  	0,30660  	0,30441  	3028870,26623  	143,50669  	0,38528  	-4667896,50935  	840,46184  	0,17544  	-Inf  	-Inf  	0,00406  	0,00401  	0,00396  	0,00471  	-244,98909  	0,00398  	0,00454  
7,04870  	-244,98909  	302,14758  	780,66089  	25,67832  	0,04783  	0,12329  	50388,21504  	0,03315  	0,61887  	1,01835  	1,01565  	4454386,97111  	1050,92870  	9,78412  	14871521,80007  	104,32064  	0,18888  	-Inf  	-Inf  	0,00405  	0,00415  	0,00396  	0,00637  	780,53122  	0,00399  	0,00482  
8,05029  	-244,98909  	-244,98909  	297,41327  	25,88002  	0,04441  	0,23649  	85706,53851  	0,09761  	0,41626  	1,95424  	1,95086  	471,65446  	1102,16707  	28,80861  	25295332,54600  	70,31562  	272,02426  	NaN  	NaN  	0,00406  	0,00445  	0,00395  	0,00854  	1327,62170  	0,00398  	0,00455  
9,05138  	787,08855  	787,04525  	-244,98909  	25,85458  	0,05021  	0,25740  	85706,53851  	0,10302  	0,23058  	2,12717  	2,12367  	33224,98684  	191254,23837  	30,40567  	25295332,54600  	3,48741  	5,84750  	NaN  	NaN  	0,00405  	0,00448  	0,00396  	0,00894  	1327,62170  	0,00400  	0,00430  
10,05152  	294,05336  	294,03074  	788,77807  	25,78729  	0,05015  	0,25719  	85706,53851  	0,09907  	0,20957  	2,12536  	2,12186  	1495024,98015  	151,88293  	29,24043  	25295332,54600  	530,20182  	0,19804  	-Inf  	-Inf  	0,00405  	0,00446  	0,00395  	0,00894  	1327,62170  	0,00400  	0,00428  
11,05153  	-244,98909  	-244,98909  	291,11036  	25,76631  	0,04140  	0,25743  	18788,47258  	0,10499  	0,21203  	2,12737  	2,12387  	240,14368  	1017,48444  	30,98562  	5545208,92146  	35,77383  	235,54581  	NaN  	NaN  	0,00406  	0,00449  	0,00395  	0,00894  	291,04258  	0,00397  	0,00428  
12,05150  	-244,98909  	-244,98909  	794,63807  	25,77228  	0,03758  	0,25742  	51290,42111  	0,98626  	0,21374  	2,12731  	2,12381  	12176,40066  	1790,86866  	291,08319  	15137797,89624  	36,06432  	4,06495  	NaN  	NaN  	0,00406  	0,00858  	0,00396  	0,00894  	794,50664  	0,00396  	0,00428  
13,05152  	-244,98909  	795,74621  	1327,82053  	25,77796  	0,04817  	0,25667  	85706,53851  	1,09674  	0,21569  	2,12113  	2,11764  	125794344,34675  	1174,83611  	323,69148  	25295332,54600  	36,39643  	0,00976  	-Inf  	-Inf  	0,00406  	0,00909  	0,00396  	0,00893  	1327,62170  	0,00399  	0,00429  
14,05156  	-244,98909  	1327,75450  	1327,82053  	25,76476  	0,04738  	0,25792  	85706,53851  	0,44437  	0,21600  	2,13142  	2,12791  	516828102,05115  	0,14343  	131,15077  	25295332,54600  	36,44269  	0,00371  	-Inf  	-Inf  	0,00405  	0,00606  	0,00395  	0,00895  	1327,62170  	0,00399  	0,00429  
15,05101  	798,30688  	1327,75450  	284,52453  	25,73646  	0,04597  	0,25733  	85706,53851  	0,10298  	0,21507  	2,12653  	2,12303  	61189162,51601  	194724,75119  	30,39320  	25295332,54600  	3,04791  	0,03064  	NaN  	NaN  	0,00406  	0,00448  	0,00396  	0,00894  	1327,62170  	0,00399  	0,00428  
16,05216  	283,58064  	1327,75450  	799,25079  	25,70989  	0,04531  	0,25695  	85706,53851  	0,10320  	0,21308  	2,12339  	2,11989  	119572655,78356  	133,62359  	30,45740  	25295332,54600  	665,88492  	0,00912  	-Inf  	-Inf  	0,00406  	0,00448  	0,00396  	0,00893  	1327,62170  	0,00399  	0,00428  
17,05352  	800,19463  	1327,75450  	282,63678  	25,68701  	0,04556  	0,25777  	18241,51630  	0,10589  	0,21330  	2,13016  	2,12665  	60378174,18496  	196402,36612  	31,25336  	5383780,85129  	2,99075  	0,03053  	NaN  	NaN  	0,00406  	0,00449  	0,00395  	0,00895  	282,57008  	0,00399  	0,00428  
18,05353  	280,32680  	1327,75450  	-244,98909  	25,66292  	0,05247  	0,25655  	-15815,93170  	-0,20620  	0,21535  	2,12014  	2,11664  	1457985,13285  	448,93407  	-60,85895  	-4667896,50935  	719,92356  	0,20722  	NaN  	NaN  	0,00405  	0,00304  	0,00396  	0,00893  	-244,98909  	0,00401  	0,00428  
19,05359  	-244,98909  	1327,75450  	806,38115  	25,64174  	0,04411  	0,25785  	52048,41901  	-0,40083  	0,21934  	2,13083  	2,12733  	131952362,99303  	1056,60680  	-118,29965  	15361512,55525  	36,95912  	0,00875  	-Inf  	-Inf  	0,00406  	0,00214  	0,00396  	0,00895  	806,24824  	0,00398  	0,00429  
20,05341  	807,74562  	1327,75450  	1327,82053  	25,63537  	0,04155  	0,25774  	17754,11096  	-0,01546  	0,22031  	2,12996  	2,12645  	1522742463,10275  	12,05973  	-4,56408  	5239928,58137  	2,95821  	0,00326  	-Inf  	-Inf  	0,00406  	0,00393  	0,00395  	0,00895  	275,02004  	0,00397  	0,00429  
21,05373  	1327,82048  	274,01629  	1327,82053  	25,65755  	0,04954  	0,25736  	-15815,93170  	0,10955  	0,21711  	2,12677  	2,12327  	99818043,50513  	6136415,27335  	32,33115  	-4667896,50935  	0,31320  	0,03398  	-Inf  	-Inf  	0,00406  	0,00451  	0,00396  	0,00894  	-244,98909  	0,00400  	0,00429  
22,05639  	1327,82048  	810,62786  	272,15926  	25,70994  	0,04607  	0,25692  	-15815,93170  	0,10854  	0,21701  	2,12320  	2,11970  	7513227,77859  	2916135,82937  	32,03374  	-4667896,50935  	0,31301  	0,18192  	NaN  	NaN  	0,00405  	0,00450  	0,00396  	0,00893  	-244,98909  	0,00399  	0,00429  
23,05855  	269,12009  	269,09852  	813,71133  	25,78024  	0,04786  	0,25707  	52521,57122  	0,11006  	0,21652  	2,12443  	2,12092  	1401102,25236  	131,75533  	32,48152  	15501158,17346  	911,30596  	0,18897  	-Inf  	-Inf  	0,00406  	0,00451  	0,00395  	0,00894  	813,57749  	0,00399  	0,00429  
24,05904  	816,74375  	816,69921  	266,08765  	25,85441  	0,04427  	0,25696  	17173,29519  	0,10943  	0,21680  	2,12351  	2,12001  	4558969,45712  	115719,07284  	32,29706  	5068507,25999  	2,76206  	0,17483  	NaN  	NaN  	0,00406  	0,00451  	0,00395  	0,00893  	266,02304  	0,00398  	0,00429  
25,05971  	1327,82048  	262,20581  	820,60434  	25,92361  	0,04555  	0,25662  	-15815,93170  	0,10846  	0,21659  	2,12069  	2,11719  	7498433,09878  	2993562,24870  	32,01181  	-4667896,50935  	0,31218  	0,17988  	NaN  	NaN  	0,00406  	0,00450  	0,00396  	0,00893  	-244,98909  	0,00399  	0,00429  
26,06009  	258,92688  	-244,98909  	1327,82053  	25,98690  	0,05113  	0,25653  	53179,52734  	0,10879  	0,21586  	2,11994  	2,11644  	1337339,87214  	386,14498  	32,10692  	15695346,61092  	1121,91580  	0,20188  	NaN  	NaN  	0,00406  	0,00450  	0,00395  	0,00893  	823,76941  	0,00400  	0,00429  
27,06151  	825,32541  	-244,98909  	257,50600  	26,04350  	0,05169  	0,25660  	16619,36229  	0,10941  	0,21642  	2,12055  	2,11705  	724,99560  	132579,32970  	32,29186  	4905020,12176  	2,62450  	189,04628  	Inf  	-Inf  	0,00406  	0,00451  	0,00396  	0,00893  	257,44247  	0,00401  	0,00429  
28,06368  	1327,82048  	-244,98909  	-244,98909  	26,10397  	0,05154  	0,25690  	53463,00197  	0,11222  	0,21660  	2,12304  	2,11954  	446811,13550  	0,00000  	33,12158  	15779010,99802  	0,31202  	0,99734  	Inf  	-Inf  	0,00406  	0,00452  	0,00396  	0,00893  	828,16051  	0,00401  	0,00429  
29,06562  	252,77921  	830,00708  	830,05221  	26,16596  	0,04678  	0,25744  	85706,53851  	0,10833  	0,21769  	2,12744  	2,12393  	21945488,02696  	0,00989  	31,97141  	25295332,54600  	1284,06904  	0,02745  	-Inf  	-Inf  	0,00406  	0,00450  	0,00395  	0,00894  	1327,62170  	0,00399  	0,00429  
30,06555  	-244,98909  	248,84487  	1327,82053  	26,22939  	0,04937  	0,25694  	85706,53851  	0,10742  	0,21782  	2,12335  	2,11985  	18822435,24148  	2423,08036  	31,70465  	25295332,54600  	36,92836  	0,03629  	-Inf  	-Inf  	0,00406  	0,00450  	0,00396  	0,00893  	1327,62170  	0,00400  	0,00429  
01/24/2025 11:16:12Time	T_hot_in(C)	T_cold_in(C)	T_cold_out(C)	T_hot_out(C)	mdot_cold(kg/s)	ASFASIFUAS(kg/s)	Diferencial_cold(bar)	Diferencial_hot(bar)	mdot_hot(kg/s)	ABS_cold(bar)	ABS_hot(bar)	q_cold(kW)	q_hot(kW)	ASFASYFY	Tau_cold_haste	Re_hot	Re_cold	U_global	PSIG_cold(bar)	R_fouling	PSIG_hot(bar)	PSID_hot(bar)	m_dot_hot	PSID_cold(bar)	m_dot_cold
2,00168  	0,00000  	0,00000  	0,00000  	0,00000  	-1,18512  	-0,20833  	-0,25900  	-0,86180  	-3,02442  	-1,72343  	-1,72415  	-0,00000  	-0,00000  	-254,35069  	-76,44127  	-9234,48090  	-3618,55272  	NaN  	NaN  	0,00000  	0,00000  	0,00000  	0,00000  	0,00000  	0,00000  	0,00000  
3,00193  	-244,98909  	1327,75450  	-244,98909  	27,29213  	0,04777  	0,29477  	85706,53851  	0,12596  	0,23536  	2,43610  	2,43238  	1703681,56788  	3356,57970  	37,17463  	25295332,54600  	40,34588  	0,18867  	-Inf  	-Inf  	0,00406  	0,00458  	0,00396  	0,00966  	1327,62170  	0,00399  	0,00431  
4,00098  	-244,98909  	199,62619  	883,18659  	27,29269  	0,04246  	0,25266  	12884,51346  	0,10817  	0,23246  	2,08798  	2,08451  	1683189,87989  	1296,76004  	31,92530  	3802720,98731  	39,84899  	0,16768  	-Inf  	-Inf  	0,00406  	0,00450  	0,00396  	0,00885  	199,58864  	0,00398  	0,00431  
5,00247  	-244,98909  	771,81671  	1327,82053  	27,29261  	0,04694  	0,19736  	-15815,93170  	0,08762  	0,21343  	1,63075  	1,62761  	116471090,61233  	1165,88461  	25,85972  	-4667896,50935  	36,58651  	0,00998  	-Inf  	-Inf  	0,00406  	0,00441  	0,00396  	0,00779  	-244,98909  	0,00399  	0,00428  
6,00381  	-244,98909  	1327,75450  	310,19416  	27,29050  	0,05067  	0,14499  	-15815,93170  	0,06572  	0,18671  	1,19779  	1,19495  	20737035,66448  	2303,46253  	19,39666  	-4667896,50935  	32,00596  	0,03153  	-Inf  	-Inf  	0,00406  	0,00430  	0,00396  	0,00678  	-244,98909  	0,00400  	0,00425  
7,00396  	774,94837  	1327,75450  	-244,98909  	27,28443  	0,04399  	0,10011  	-15815,93170  	0,04731  	0,15898  	0,82669  	0,82412  	3159987,08200  	232551,13608  	13,96422  	-4667896,50935  	2,56287  	0,17375  	NaN  	NaN  	0,00406  	0,00422  	0,00396  	0,00592  	-244,98909  	0,00398  	0,00421  
8,00543  	305,25857  	1327,75450  	777,57285  	27,27300  	0,05071  	0,06299  	-15815,93170  	0,03087  	0,13184  	0,51983  	0,51748  	74728836,85041  	195,32298  	9,11042  	-4667896,50935  	261,10602  	0,01066  	-Inf  	-Inf  	0,00406  	0,00414  	0,00396  	0,00521  	-244,98909  	0,00400  	0,00417  
9,00614  	-244,98909  	1327,75450  	302,43036  	27,25854  	0,04746  	0,03335  	-15815,93170  	0,01864  	0,10495  	0,27474  	0,27258  	11301741,56930  	2175,04277  	5,50167  	-4667896,50935  	17,98404  	0,03015  	-Inf  	-Inf  	0,00406  	0,00409  	0,00396  	0,00464  	-244,98909  	0,00399  	0,00414  
10,00785  	-244,98909  	299,57927  	783,22931  	27,22817  	0,04733  	0,01119  	50554,00287  	0,00844  	0,07843  	0,09154  	0,08950  	567718,08382  	1023,73614  	2,49031  	14920452,23573  	13,43505  	0,18689  	-Inf  	-Inf  	0,00406  	0,00404  	0,00395  	0,00421  	783,09932  	0,00399  	0,00410  
11,00839  	-244,98909  	-244,98909  	1327,82053  	27,20865  	0,04923  	-0,00260  	85706,53851  	0,00220  	0,05180  	-0,02249  	-0,02444  	375018,52286  	3464,02487  	0,64987  	25295332,54600  	8,87238  	0,19438  	NaN  	NaN  	0,00406  	0,00401  	0,00396  	0,00395  	1327,62170  	0,00400  	0,00407  
12,01093  	789,53942  	789,49602  	293,29199  	27,21856  	0,04899  	-0,00903  	85706,53851  	-0,00195  	0,00568  	-0,07561  	-0,07752  	115039,49123  	92718,53870  	-0,57517  	25295332,54600  	0,08393  	0,19345  	NaN  	NaN  	0,00406  	0,00399  	0,00396  	0,00383  	1327,62170  	0,00400  	0,00401  
13,01037  	289,24389  	1327,75450  	-244,98909  	27,24020  	0,04988  	-0,00980  	85706,53851  	-0,00164  	0,00373  	-0,08204  	-0,08395  	25948,35677  	465,36145  	-0,48336  	25295332,54600  	10,07286  	0,19699  	NaN  	NaN  	0,00406  	0,00399  	0,00396  	0,00381  	1327,62170  	0,00400  	0,00400  
14,01009  	795,48977  	1327,75450  	-244,98909  	27,25689  	0,04546  	-0,01000  	85706,53851  	-0,00113  	0,00332  	-0,08367  	-0,08558  	67778,44887  	287137,42925  	-0,33234  	25295332,54600  	0,04739  	0,17956  	NaN  	NaN  	0,00406  	0,00399  	0,00396  	0,00381  	1327,62170  	0,00399  	0,00400  
15,01472  	284,52451  	1327,75450  	-244,98909  	27,26707  	0,04727  	-0,00993  	18363,36763  	-0,00194  	0,00369  	-0,08306  	-0,08496  	25269,28446  	423,36871  	-0,57166  	5419743,91877  	10,97591  	0,18668  	NaN  	NaN  	0,00406  	0,00399  	0,00396  	0,00381  	284,45759  	0,00399  	0,00400  
16,01455  	800,62174  	1327,75450  	800,62178  	27,27398  	0,04954  	-0,01009  	-15815,93170  	-0,00251  	0,00375  	-0,08445  	-0,08635  	6343538,72710  	109562,73864  	-0,74178  	-4667896,50935  	0,05202  	0,00994  	-Inf  	-Inf  	0,00406  	0,00399  	0,00396  	0,00381  	-244,98909  	0,00400  	0,00400  
17,01537  	1327,82048  	277,16680  	277,18873  	27,27857  	0,04914  	-0,01015  	52000,75430  	-0,00181  	0,00335  	-0,08486  	-0,08677  	977,26086  	127,61712  	-0,53515  	15347444,84686  	0,00480  	5,08102  	NaN  	NaN  	0,00405  	0,00399  	0,00395  	0,00381  	805,50990  	0,00400  	0,00400  
18,01735  	1327,82048  	809,48187  	809,52614  	27,28130  	0,04828  	-0,00997  	85706,53851  	-0,00113  	0,00350  	-0,08340  	-0,08530  	1723453,64913  	253,24010  	-0,33420  	25295332,54600  	0,00503  	0,03161  	NaN  	NaN  	0,00405  	0,00399  	0,00396  	0,00381  	1327,62170  	0,00399  	0,00400  
19,01713  	270,39307  	1327,75450  	1327,82053  	27,28309  	0,04715  	-0,01015  	17451,20403  	-0,00149  	0,00334  	-0,08488  	-0,08679  	7167140,92086  	0,01600  	-0,44043  	5150528,96691  	13,24752  	0,00369  	-Inf  	-Inf  	0,00405  	0,00399  	0,00396  	0,00381  	270,32793  	0,00399  	0,00400  
20,01986  	816,55512  	1327,75450  	1327,82053  	27,28372  	0,04695  	-0,01004  	-15815,93170  	-0,00160  	0,00356  	-0,08399  	-0,08590  	24845329,50597  	14,87169  	-0,47237  	-4667896,50935  	0,04506  	0,00368  	-Inf  	-Inf  	0,00405  	0,00399  	0,00396  	0,00381  	-244,98909  	0,00399  	0,00400  
21,02063  	1327,82048  	1327,75450  	264,72064  	27,28355  	0,04616  	-0,01008  	52805,55016  	-0,00100  	0,00349  	-0,08430  	-0,08620  	1542747,75231  	5812870,88353  	-0,29541  	15584971,40159  	0,00501  	0,03248  	NaN  	NaN  	0,00405  	0,00400  	0,00395  	0,00381  	817,97641  	0,00399  	0,00400  
22,02054  	1327,82048  	1327,75450  	-244,98909  	27,28377  	0,04995  	-0,00993  	85706,53851  	-0,00124  	0,00394  	-0,08311  	-0,08501  	136345,33811  	9307082,64826  	-0,36670  	25295332,54600  	0,00566  	0,19729  	NaN  	NaN  	0,00406  	0,00399  	0,00396  	0,00381  	1327,62170  	0,00400  	0,00401  
23,02058  	1327,82048  	1327,75450  	824,32005  	27,28253  	0,04620  	-0,01008  	85706,53851  	-0,00103  	0,00349  	-0,08430  	-0,08621  	10638989,32408  	2755278,53436  	-0,30263  	25295332,54600  	0,00501  	0,00884  	NaN  	NaN  	0,00406  	0,00400  	0,00396  	0,00381  	1327,62170  	0,00399  	0,00400  
24,02258  	1327,82048  	1327,75450  	1327,82053  	27,28037  	0,04673  	-0,01009  	85706,53851  	-0,00104  	0,00350  	-0,08440  	-0,08630  	40236741,97558  	365,56573  	-0,30630  	25295332,54600  	0,00502  	0,00366  	-Inf  	-Inf  	0,00405  	0,00399  	0,00396  	0,00381  	1327,62170  	0,00399  	0,00400  
25,02349  	1327,82048  	254,55873  	1327,82053  	27,27945  	0,05194  	-0,01025  	85706,53851  	-0,00175  	0,00363  	-0,08574  	-0,08764  	1540685,21917  	6604189,84225  	-0,51545  	25295332,54600  	0,00521  	0,03759  	-Inf  	-Inf  	0,00406  	0,00399  	0,00396  	0,00380  	1327,62170  	0,00401  	0,00400  
26,02421  	250,99283  	831,79339  	250,99284  	27,27827  	0,04796  	-0,01015  	85706,53851  	-0,00137  	0,00325  	-0,08491  	-0,08682  	19316,00218  	130,12486  	-0,40435  	25295332,54600  	19,42979  	0,18938  	-Inf  	-Inf  	0,00405  	0,00399  	0,00396  	0,00381  	1327,62170  	0,00399  	0,00400  
27,02599  	-244,98909  	248,35905  	-244,98909  	27,27777  	0,05509  	-0,01023  	85706,53851  	-0,00169  	0,00322  	-0,08559  	-0,08750  	3,68615  	1214,53290  	-0,49739  	25295332,54600  	0,55232  	176,69084  	-Inf  	-Inf  	0,00405  	0,00399  	0,00396  	0,00380  	1327,62170  	0,00402  	0,00400  
28,02553  	836,69111  	836,64573  	836,69114  	27,27756  	0,05296  	-0,01003  	85706,53851  	-0,00075  	0,00351  	-0,08391  	-0,08581  	1332205,24788  	13,60194  	-0,22098  	25295332,54600  	0,03974  	0,03001  	-Inf  	-Inf  	0,00406  	0,00400  	0,00395  	0,00381  	1327,62170  	0,00401  	0,00400  
29,02541  	244,41321  	1327,75450  	1327,82053  	27,27572  	0,04775  	-0,01016  	85706,53851  	-0,00146  	0,00349  	-0,08496  	-0,08687  	6701139,25166  	0,01441  	-0,43011  	25295332,54600  	24,00249  	0,00374  	-Inf  	-Inf  	0,00406  	0,00399  	0,00396  	0,00380  	1327,62170  	0,00399  	0,00400  
30,02663  	841,19320  	1327,75450  	241,63821  	27,27493  	0,04537  	-0,00681  	85706,53851  	0,00028  	0,00388  	-0,05728  	-0,05920  	976940,40216  	288941,78161  	0,08203  	25295332,54600  	0,04283  	0,03403  	NaN  	NaN  	0,00406  	0,00400  	0,00396  	0,00387  	1327,62170  	0,00399  	0,00401  
31,02718  	1327,82048  	239,87472  	-244,98909  	27,27352  	0,04748  	-0,00476  	85706,53851  	-0,00046  	-0,11198  	-0,04035  	-0,04229  	-614,27205  	2727349,70507  	-0,13657  	25295332,54600  	-0,16068  	134,47293  	NaN  	NaN  	0,00405  	0,00400  	0,00396  	0,00391  	1327,62170  	0,00399  	0,00385  
32,02909  	237,64541  	845,14024  	-244,98909  	27,26862  	0,05247  	-0,00473  	85706,53851  	-0,00016  	-0,14793  	-0,04011  	-0,04205  	-12701,99443  	256,44062  	-0,04704  	25295332,54600  	-1169,94950  	3,58556  	NaN  	NaN  	0,00406  	0,00400  	0,00396  	0,00391  	1327,62170  	0,00401  	0,00380  
33,03018  	847,76238  	235,04888  	847,76241  	27,25183  	0,05167  	-0,00453  	15171,09021  	-0,00275  	-0,14789  	-0,03846  	-0,04040  	-3226994,16470  	195613,79651  	-0,81298  	4477578,70671  	-1,57463  	0,20402  	Inf  	-Inf  	0,00405  	0,00399  	0,00395  	0,00391  	235,00834  	0,00401  	0,00380  
34,03263  	229,45995  	853,32536  	229,45997  	27,22954  	0,04950  	-0,00471  	55081,57295  	0,00225  	-0,14756  	-0,03993  	-0,04187  	-793434,53913  	136,00597  	0,66381  	16256714,23843  	-1375,48281  	0,19548  	Inf  	-Inf  	0,00406  	0,00401  	0,00395  	0,00391  	853,23262  	0,00400  	0,00380  
35,03300  	-244,98909  	226,58215  	856,22950  	27,20661  	0,04645  	-0,00414  	85706,53851  	0,00257  	-0,14776  	-0,03521  	-0,03715  	-1069540,76004  	1308,48533  	0,75838  	25295332,54600  	-25,30651  	0,18341  	Inf  	-Inf  	0,00405  	0,00401  	0,00396  	0,00392  	1327,62170  	0,00399  	0,00380  
36,03401  	-244,98909  	-244,98909  	225,28413  	27,18313  	0,05115  	-0,00397  	14539,48953  	-0,00700  	-0,14099  	-0,03383  	-0,03578  	-163,94512  	1076,69714  	-2,06665  	4291168,78505  	-24,14058  	116,51651  	NaN  	NaN  	0,00406  	0,00397  	0,00395  	0,00392  	225,22468  	0,00400  	0,00381  
37,03423  	-244,98909  	861,70987  	861,75634  	27,16274  	0,04596  	-0,00404  	55622,80333  	-0,00420  	-0,10460  	-0,03435  	-0,03629  	-16128240,61852  	0,09561  	-1,24043  	16416452,37065  	-17,90577  	0,02291  	Inf  	-Inf  	0,00406  	0,00398  	0,00396  	0,00392  	861,61643  	0,00399  	0,00386  
38,03718  	865,24792  	1327,75450  	217,58349  	27,14756  	0,04922  	-0,00392  	85706,53851  	-0,00045  	-0,08108  	-0,03343  	-0,03537  	-19004395,51166  	387055,88668  	-0,13371  	25295332,54600  	-0,78656  	0,03951  	NaN  	NaN  	0,00405  	0,00400  	0,00396  	0,00392  	1327,62170  	0,00400  	0,00389  
39,03901  	1327,82048  	1327,75450  	-244,98909  	27,13509  	0,04868  	-0,00401  	85706,53851  	-0,00106  	-0,06284  	-0,03412  	-0,03606  	-2173002,71466  	9064100,29353  	-0,31379  	25295332,54600  	-0,09022  	0,19227  	NaN  	NaN  	0,00406  	0,00399  	0,00395  	0,00392  	1327,62170  	0,00400  	0,00392  
40,03924  	1327,82048  	1327,75450  	-244,98909  	27,12834  	0,05326  	-0,00423  	85706,53851  	-0,00120  	-0,04837  	-0,03594  	-0,03788  	-1672581,70871  	9916452,60925  	-0,35323  	25295332,54600  	-0,06944  	0,21036  	NaN  	NaN  	0,00406  	0,00399  	0,00396  	0,00392  	1327,62170  	0,00401  	0,00394  
41,04068  	208,64561  	208,62658  	874,18582  	27,12308  	0,05017  	-0,00420  	13465,49933  	-0,00059  	-0,04114  	-0,03572  	-0,03766  	-198575,53426  	143,11903  	-0,17369  	3974192,50961  	-549,41521  	0,19812  	Inf  	-Inf  	0,00406  	0,00400  	0,00396  	0,00392  	208,58827  	0,00400  	0,00395  
42,04235  	878,22190  	878,17478  	204,60951  	27,11777  	0,04939  	-0,00391  	-15815,93170  	-0,00140  	-0,03781  	-0,03331  	-0,03525  	-855683,37308  	260398,73139  	-0,41429  	-4667896,50935  	-0,34274  	0,19505  	NaN  	NaN  	0,00406  	0,00399  	0,00396  	0,00392  	-244,98909  	0,00400  	0,00395  
43,04271  	201,55684  	1327,75450  	-244,98909  	27,11425  	0,05058  	-0,00415  	56882,67634  	-0,00140  	-0,04533  	-0,03533  	-0,03727  	-210213,77230  	339,16621  	-0,41231  	16788289,89113  	-664,33914  	0,19976  	NaN  	NaN  	0,00406  	0,00399  	0,00396  	0,00392  	881,13220  	0,00400  	0,00394  
44,04296  	884,19141  	1327,75450  	884,19145  	27,11005  	0,05209  	-0,00433  	85706,53851  	-0,00097  	-0,04879  	-0,03677  	-0,03871  	-116668028,30901  	189271,28003  	-0,28682  	25295332,54600  	-0,42878  	0,00887  	Inf  	-Inf  	0,00405  	0,00400  	0,00396  	0,00392  	1327,62170  	0,00401  	0,00394  
45,04332  	196,02671  	1327,75450  	1327,82053  	27,10781  	0,05431  	-0,00387  	85706,53851  	-0,00101  	-0,04397  	-0,03300  	-0,03494  	-65645411,35286  	0,01524  	-0,29938  	25295332,54600  	-683,97244  	0,00426  	Inf  	-Inf  	0,00406  	0,00400  	0,00395  	0,00393  	1327,62170  	0,00401  	0,00394  
46,04486  	-244,98909  	194,04756  	194,06599  	27,10518  	0,04596  	-0,00405  	12524,40643  	-0,00161  	-0,03714  	-0,03443  	-0,03638  	-160,17061  	0,03797  	-0,47595  	3696439,39708  	-6,35453  	35,18517  	Inf  	-Inf  	0,00406  	0,00399  	0,00396  	0,00392  	194,01049  	0,00399  	0,00395  
47,04605  	891,75045  	-244,98909  	891,75049  	27,10043  	0,04637  	-0,00387  	57558,88023  	-0,00069  	-0,03294  	-0,03299  	-0,03493  	-20252,45971  	457047,80498  	-0,20256  	16987863,95814  	-0,27849  	2,16241  	NaN  	NaN  	0,00406  	0,00400  	0,00395  	0,00393  	891,60679  	0,00399  	0,00396  
48,04795  	1327,82048  	-244,98909  	189,09507  	27,09449  	0,05268  	-0,00402  	85706,53851  	-0,00125  	-0,03270  	-0,03426  	-0,03620  	-200,09504  	2706647,10442  	-0,36792  	25295332,54600  	-0,04695  	69,73959  	Inf  	-Inf  	0,00405  	0,00399  	0,00396  	0,00392  	1327,62170  	0,00401  	0,00396  
49,04984  	1327,82048  	897,45185  	-244,98909  	27,08958  	0,05317  	-0,00418  	85706,53851  	-0,00091  	-0,03467  	-0,03557  	-0,03751  	-34208,58154  	7189553,97794  	-0,26805  	25295332,54600  	-0,04979  	2,37229  	NaN  	NaN  	0,00406  	0,00400  	0,00395  	0,00392  	1327,62170  	0,00401  	0,00395  
50,05160  	182,79002  	182,77208  	900,04140  	27,08240  	0,04979  	-0,00413  	85706,53851  	-0,00129  	-0,03606  	-0,03510  	-0,03704  	-149313,50142  	151,01414  	-0,37942  	25295332,54600  	-615,32912  	0,19662  	Inf  	-Inf  	0,00406  	0,00399  	0,00396  	0,00392  	1327,62170  	0,00400  	0,00395  
51,05278  	905,41056  	-244,98909  	1327,82053  	27,07614  	0,05209  	-0,00434  	85706,53851  	-0,00116  	-0,03383  	-0,03690  	-0,03884  	-790290,56343  	786464,24048  	-0,34277  	25295332,54600  	-0,26691  	0,20567  	NaN  	NaN  	0,00406  	0,00399  	0,00396  	0,00392  	1327,62170  	0,00401  	0,00396  
52,05280  	1327,82048  	909,13085  	173,65213  	27,06910  	0,04424  	-0,00390  	11206,72261  	-0,00184  	-0,03190  	-0,03326  	-0,03520  	-1103098,78007  	3850903,25442  	-0,54321  	3307539,65894  	-0,04580  	0,17472  	NaN  	NaN  	0,00406  	0,00399  	0,00396  	0,00393  	173,59921  	0,00398  	0,00396  
53,05513  	170,46411  	1327,75450  	-244,98909  	27,06105  	0,05148  	-0,00440  	-15815,93170  	-0,00137  	-0,03191  	-0,03739  	-0,03933  	-121658,13357  	341,34559  	-0,40419  	-4667896,50935  	-558,72950  	0,20333  	NaN  	NaN  	0,00405  	0,00399  	0,00395  	0,00392  	-244,98909  	0,00401  	0,00396  
54,05481  	914,68328  	1327,75450  	914,68331  	27,05249  	0,05066  	-0,00409  	-15815,93170  	-0,00125  	0,00068  	-0,03484  	-0,03678  	1836089,29450  	215012,14799  	-0,36976  	-4667896,50935  	0,00512  	0,00813  	-Inf  	-Inf  	0,00406  	0,00399  	0,00395  	0,00392  	-244,98909  	0,00400  	0,00400  
55,05575  	1327,82048  	164,55334  	1327,82053  	27,04380  	0,04869  	-0,00433  	-15815,93170  	-0,00122  	0,00241  	-0,03680  	-0,03874  	698099,46920  	6701371,59800  	-0,36088  	-4667896,50935  	0,00346  	0,04557  	-Inf  	-Inf  	0,00405  	0,00399  	0,00396  	0,00392  	-244,98909  	0,00400  	0,00400  
56,05730  	1327,82048  	919,79663  	162,98591  	27,03605  	0,05531  	-0,00419  	-15815,93170  	-0,00178  	-0,03296  	-0,03562  	-0,03756  	-1140033,12463  	4952699,15980  	-0,52571  	-4667896,50935  	-0,04734  	0,21842  	NaN  	NaN  	0,00405  	0,00399  	0,00396  	0,00392  	-244,98909  	0,00402  	0,00396  
57,05701  	1327,82048  	1327,75450  	922,84560  	27,02675  	0,04839  	-0,00404  	59566,02223  	-0,00099  	-0,03327  	-0,03440  	-0,03634  	-134751708,11660  	2318329,51956  	-0,29100  	17580249,61558  	-0,04778  	0,00765  	NaN  	NaN  	0,00406  	0,00400  	0,00396  	0,00392  	922,69796  	0,00400  	0,00396  
58,05718  	156,31165  	1327,75450  	156,31167  	27,01855  	0,04962  	-0,00387  	85706,53851  	-0,00068  	-0,03272  	-0,03296  	-0,03490  	-909222,98087  	244,45956  	-0,19977  	25295332,54600  	-557,14525  	0,04759  	Inf  	-Inf  	0,00406  	0,00400  	0,00396  	0,00393  	1327,62170  	0,00400  	0,00396  
59,05737  	927,93231  	154,88230  	-244,98909  	27,01109  	0,04454  	-0,00410  	9996,24266  	-0,00135  	-0,03181  	-0,03487  	-0,03682  	-172,01726  	201370,30481  	-0,39767  	2950279,95182  	-0,22454  	35,98918  	NaN  	NaN  	0,00406  	0,00399  	0,00395  	0,00392  	154,84854  	0,00398  	0,00396  
60,06029  	1327,82048  	928,66727  	-244,98909  	27,00203  	0,04538  	-0,00421  	59944,98313  	-0,00063  	-0,01038  	-0,03580  	-0,03774  	-14414,90026  	6301343,01583  	-0,18469  	17692095,71547  	-0,01491  	1,60159  	NaN  	NaN  	0,00405  	0,00400  	0,00396  	0,00392  	928,56817  	0,00399  	0,00399  
61,06179  	1327,82048  	1327,75450  	930,14546  	26,99252  	0,05094  	-0,00406  	85706,53851  	-0,00098  	0,00372  	-0,03453  	-0,03647  	15362664,21093  	2396180,37076  	-0,28780  	25295332,54600  	0,00534  	0,00794  	NaN  	NaN  	0,00406  	0,00400  	0,00395  	0,00392  	1327,62170  	0,00400  	0,00400  
62,06288  	147,89949  	1327,75450  	1327,82053  	26,98421  	0,04647  	-0,00416  	85706,53851  	-0,00139  	0,00367  	-0,03542  	-0,03736  	3920299,73848  	0,01289  	-0,41156  	25295332,54600  	60,18791  	0,00364  	-Inf  	-Inf  	0,00406  	0,00399  	0,00396  	0,00392  	1327,62170  	0,00399  	0,00400  
63,06539  	939,72054  	1327,75450  	143,11087  	26,97642  	0,05281  	-0,00418  	9235,33066  	-0,00099  	0,00377  	-0,03553  	-0,03747  	697067,97043  	769340,58958  	-0,29220  	2725705,23001  	0,02512  	0,05270  	NaN  	NaN  	0,00406  	0,00400  	0,00396  	0,00392  	143,06181  	0,00401  	0,00400  
64,06540  	1327,82048  	139,31968  	-244,98909  	26,96749  	0,05120  	-0,00388  	60898,94988  	-0,00129  	0,00355  	-0,03303  	-0,03498  	32,96175  	2327354,30607  	-0,38056  	17973648,40320  	0,00510  	33,38819  	NaN  	NaN  	0,00406  	0,00399  	0,00396  	0,00393  	943,34538  	0,00400  	0,00400  
65,06720  	136,50758  	946,27383  	946,32385  	26,95852  	0,04891  	-0,00414  	8809,09903  	-0,00106  	0,00346  	-0,03519  	-0,03713  	391683,00190  	0,01027  	-0,31278  	2599907,70108  	53,17551  	0,01625  	-Inf  	-Inf  	0,00405  	0,00399  	0,00396  	0,00392  	136,45936  	0,00400  	0,00400  
66,06740  	949,30330  	1327,75450  	1327,82053  	26,95064  	0,04606  	-0,00418  	61273,82898  	-0,00145  	0,00333  	-0,03555  	-0,03749  	27175396,92558  	40,00472  	-0,42848  	18084289,80350  	0,02123  	0,00361  	-Inf  	-Inf  	0,00405  	0,00399  	0,00396  	0,00392  	949,15236  	0,00399  	0,00400  
67,06702  	130,22262  	1327,75450  	1327,82053  	26,94269  	0,04848  	-0,00419  	85706,53851  	-0,00149  	0,00363  	-0,03564  	-0,03758  	3317069,29828  	0,01342  	-0,43860  	25295332,54600  	53,64527  	0,00380  	-Inf  	-Inf  	0,00405  	0,00399  	0,00396  	0,00392  	1327,62170  	0,00400  	0,00400  
68,06709  	954,99005  	1327,75450  	127,84136  	26,93452  	0,04753  	-0,00389  	85706,53851  	-0,00143  	0,00346  	-0,03315  	-0,03509  	607650,60660  	780516,85642  	-0,42167  	25295332,54600  	0,02144  	0,04966  	NaN  	NaN  	0,00406  	0,00399  	0,00396  	0,00393  	1327,62170  	0,00399  	0,00400  
69,06819  	1327,82048  	1327,75450  	-244,98909  	26,92679  	0,04781  	-0,00430  	85706,53851  	-0,00122  	0,00327  	-0,03652  	-0,03846  	112918,63997  	8892381,06720  	-0,36029  	25295332,54600  	0,00469  	0,18882  	NaN  	NaN  	0,00405  	0,00399  	0,00396  	0,00392  	1327,62170  	0,00399  	0,00400  
70,07133  	125,19466  	1327,75450  	957,63677  	26,91922  	0,05203  	-0,00417  	8078,86748  	-0,00088  	0,00384  	-0,03543  	-0,03737  	1293748,14403  	80,70544  	-0,25971  	2384387,97161  	54,73979  	0,00770  	-Inf  	-Inf  	0,00406  	0,00400  	0,00395  	0,00392  	125,14788  	0,00401  	0,00401  
71,07274  	960,17113  	1327,75450  	1327,82053  	26,91139  	0,04867  	-0,00421  	-15815,93170  	-0,00158  	0,00363  	-0,03579  	-0,03773  	29971520,70532  	45,58447  	-0,46654  	-4667896,50935  	0,02199  	0,00381  	-Inf  	-Inf  	0,00406  	0,00399  	0,00395  	0,00392  	-244,98909  	0,00400  	0,00400  
72,07454  	1327,82048  	1327,75450  	1327,82053  	26,90531  	0,05063  	-0,00432  	-15815,93170  	-0,00109  	0,00329  	-0,03671  	-0,03865  	37787712,24399  	395,31554  	-0,32308  	-4667896,50935  	0,00472  	0,00397  	-Inf  	-Inf  	0,00405  	0,00399  	0,00396  	0,00392  	-244,98909  	0,00400  	0,00400  
73,07652  	1327,82048  	1327,75450  	1327,82053  	26,89940  	0,05118  	-0,00432  	62574,32363  	-0,00124  	0,00377  	-0,03666  	-0,03860  	43379807,67677  	399,59839  	-0,36633  	18468116,34863  	0,00542  	0,00401  	-Inf  	-Inf  	0,00406  	0,00399  	0,00396  	0,00392  	969,29737  	0,00400  	0,00400  
74,07967  	1327,82048  	108,76826  	108,78311  	26,89144  	0,04894  	-0,00438  	85706,53851  	-0,00132  	0,00340  	-0,03716  	-0,03910  	18,76063  	85,94828  	-0,39033  	25295332,54600  	0,00489  	798,31769  	NaN  	NaN  	0,00405  	0,00399  	0,00396  	0,00392  	1327,62170  	0,00400  	0,00400  
75,08252  	104,73306  	-244,98909  	-244,98909  	26,88511  	0,04638  	-0,00394  	6758,10232  	-0,00066  	0,00378  	-0,03354  	-0,03548  	466,20438  	0,00000  	-0,19367  	1994578,80960  	46,61943  	0,89737  	Inf  	-Inf  	0,00406  	0,00400  	0,00395  	0,00392  	104,68886  	0,00399  	0,00400  
76,08269  	984,96431  	-244,98909  	984,96435  	26,87891  	0,04420  	-0,00421  	63575,69289  	-0,00058  	0,00352  	-0,03577  	-0,03771  	6383,59534  	913020,81665  	-0,17199  	18763659,35942  	0,01900  	1,05484  	NaN  	NaN  	0,00406  	0,00400  	0,00395  	0,00392  	984,80886  	0,00398  	0,00400  
77,08296  	92,89466  	989,88492  	92,89467  	26,87221  	0,05247  	-0,00423  	85706,53851  	-0,00040  	0,00369  	-0,03596  	-0,03790  	6469,36881  	196,87547  	-0,11932  	25295332,54600  	41,65452  	0,20723  	-Inf  	-Inf  	0,00406  	0,00400  	0,00396  	0,00392  	1327,62170  	0,00401  	0,00400  
78,08550  	992,31712  	1327,75450  	-244,98909  	26,86418  	0,04734  	-0,00425  	85706,53851  	-0,00085  	0,00370  	-0,03608  	-0,03802  	95031,24860  	1313440,35365  	-0,25005  	25295332,54600  	0,01932  	0,18695  	NaN  	NaN  	0,00406  	0,00400  	0,00396  	0,00392  	1327,62170  	0,00399  	0,00400  
79,08708  	1327,82048  	1327,75450  	994,13707  	26,85793  	0,04604  	-0,00394  	85706,53851  	-0,00120  	0,00365  	-0,03360  	-0,03554  	18023736,77026  	1815746,55334  	-0,35433  	25295332,54600  	0,00525  	0,00637  	NaN  	NaN  	0,00406  	0,00399  	0,00396  	0,00392  	1327,62170  	0,00399  	0,00400  
80,09030  	1327,82048  	86,11482  	1327,82053  	26,85237  	0,04903  	-0,00402  	85706,53851  	-0,00172  	0,00353  	-0,03426  	-0,03620  	718851,47209  	7196977,98810  	-0,50823  	25295332,54600  	0,00507  	0,05825  	-Inf  	-Inf  	0,00406  	0,00399  	0,00396  	0,00392  	1327,62170  	0,00400  	0,00400  
81,09101  	80,63655  	1002,14252  	1327,82053  	26,84483  	0,04991  	-0,00417  	5202,70921  	-0,00066  	0,00346  	-0,03547  	-0,03741  	721608,80389  	67,97433  	-0,19535  	1535521,81626  	35,59786  	0,00681  	-Inf  	-Inf  	0,00406  	0,00400  	0,00395  	0,00392  	80,59540  	0,00400  	0,00400  
82,09157  	-244,98909  	1327,75450  	1327,82053  	26,83777  	0,05435  	-0,00437  	-15815,93170  	-0,00168  	0,00369  	-0,03709  	-0,03903  	8861211,14609  	0,16158  	-0,49623  	-4667896,50935  	0,62934  	0,00426  	-Inf  	-Inf  	0,00406  	0,00399  	0,00396  	0,00392  	-244,98909  	0,00401  	0,00400  
83,09156  	-244,98909  	72,39057  	1327,82053  	26,83286  	0,05016  	-0,00406  	65219,30402  	-0,00082  	0,00366  	-0,03459  	-0,03653  	145949,33097  	2835,12371  	-0,24129  	19248752,92263  	0,62359  	0,06223  	-Inf  	-Inf  	0,00406  	0,00400  	0,00396  	0,00392  	1010,26884  	0,00400  	0,00400  
84,09267  	1012,31677  	1012,26402  	70,51464  	26,82705  	0,04456  	-0,00422  	85706,53851  	-0,00135  	0,00333  	-0,03590  	-0,03784  	87320,84557  	844667,42569  	-0,39960  	25295332,54600  	0,01590  	0,17598  	NaN  	NaN  	0,00406  	0,00399  	0,00396  	0,00392  	1327,62170  	0,00398  	0,00400  
85,09642  	66,67943  	1327,75450  	-244,98909  	26,82063  	0,05182  	-0,00411  	4301,79835  	-0,00087  	0,00366  	-0,03494  	-0,03688  	3882,16839  	340,79161  	-0,25822  	1269627,98453  	33,64258  	0,20466  	NaN  	NaN  	0,00406  	0,00400  	0,00395  	0,00392  	66,64004  	0,00401  	0,00400  
86,09844  	-244,98909  	1327,75450  	1017,91040  	26,81403  	0,05152  	-0,00404  	-15815,93170  	-0,00115  	0,00362  	-0,03436  	-0,03630  	3985414,61315  	719,00032  	-0,33905  	-4667896,50935  	0,61830  	0,00683  	-Inf  	-Inf  	0,00406  	0,00399  	0,00396  	0,00392  	-244,98909  	0,00401  	0,00400  
87,09954  	-244,98909  	1327,75450  	1327,82053  	26,80854  	0,05006  	-0,00393  	65916,03106  	-0,00134  	0,00370  	-0,03349  	-0,03543  	8895202,04651  	0,14891  	-0,39655  	19454384,16726  	0,63163  	0,00392  	-Inf  	-Inf  	0,00406  	0,00399  	0,00396  	0,00392  	1021,06134  	0,00400  	0,00400  
88,10123  	-244,98909  	1327,75450  	55,44580  	26,80306  	0,04853  	-0,00405  	3576,68387  	-0,00088  	0,00349  	-0,03443  	-0,03637  	128662,89793  	2781,43945  	-0,26019  	1055618,50183  	0,59552  	0,06356  	-Inf  	-Inf  	0,00406  	0,00400  	0,00396  	0,00392  	55,40782  	0,00400  	0,00400  
89,10167  	1031,60330  	51,21566  	-244,98909  	26,79702  	0,04969  	-0,00401  	66586,16914  	-0,00133  	0,00336  	-0,03410  	-0,03604  	99,95673  	335528,35493  	-0,39176  	19652167,97656  	0,01474  	11,00897  	NaN  	NaN  	0,00406  	0,00399  	0,00396  	0,00392  	1031,44196  	0,00400  	0,00400  
90,10305  	1327,82048  	1035,06340  	1035,11714  	26,79060  	0,05126  	-0,00421  	3077,62705  	-0,00184  	0,00372  	-0,03577  	-0,03771  	8859738,79854  	325,62466  	-0,54382  	908327,42827  	0,00534  	0,01158  	NaN  	NaN  	0,00406  	0,00399  	0,00395  	0,00392  	47,67730  	0,00400  	0,00400  
91,10432  	44,00328  	1327,75450  	1327,82053  	26,78618  	0,04952  	-0,00398  	67052,51962  	0,00020  	0,00362  	-0,03386  	-0,03580  	550303,97299  	0,01368  	0,05939  	19789806,13679  	26,96817  	0,00388  	-Inf  	-Inf  	0,00406  	0,00400  	0,00395  	0,00392  	1038,66585  	0,00400  	0,00400  
92,10487  	1041,82650  	1327,75450  	1327,82053  	26,78042  	0,04845  	-0,00378  	2644,54548  	0,00009  	0,00363  	-0,03223  	-0,03418  	32586182,59787  	77,82270  	0,02662  	780508,21386  	0,01524  	0,00380  	-Inf  	-Inf  	0,00406  	0,00400  	0,00396  	0,00393  	40,96874  	0,00400  	0,00400  
93,10525  	39,77619  	1327,75450  	1327,82053  	26,77530  	0,04908  	-0,00407  	67325,37184  	-0,00085  	0,00360  	-0,03463  	-0,03657  	414054,75967  	0,01356  	-0,24962  	19870335,43886  	25,74154  	0,00385  	-Inf  	-Inf  	0,00406  	0,00400  	0,00395  	0,00392  	1042,89241  	0,00400  	0,00400  
94,10748  	1045,51327  	37,30628  	1327,82053  	26,77157  	0,04398  	-0,00405  	2406,57045  	-0,00141  	0,00360  	-0,03449  	-0,03644  	456056,23429  	1413126,06931  	-0,41601  	710272,52757  	0,01487  	0,06108  	-Inf  	-Inf  	0,00406  	0,00399  	0,00396  	0,00392  	37,28245  	0,00398  	0,00400  
95,10665  	34,72615  	1048,05100  	1327,82053  	26,76718  	0,04660  	-0,00381  	-15815,93170  	-0,00162  	0,00366  	-0,03245  	-0,03439  	127910,14695  	54,53296  	-0,47725  	-4667896,50935  	24,82111  	0,00585  	-Inf  	-Inf  	0,00406  	0,00399  	0,00396  	0,00393  	-244,98909  	0,00399  	0,00400  
96,10979  	-244,98909  	30,53950  	1327,82053  	26,76169  	0,05247  	-0,00398  	-15815,93170  	0,00423  	0,00373  	-0,03390  	-0,03584  	122093,61949  	3068,21424  	1,24802  	-4667896,50935  	0,63642  	0,07449  	-Inf  	-Inf  	0,00406  	0,00402  	0,00396  	0,00392  	-244,98909  	0,00401  	0,00400  
97,10972  	1055,25884  	1055,20429  	1327,82053  	26,75691  	0,05056  	-0,00410  	-15815,93170  	0,00377  	0,00413  	-0,03488  	-0,03682  	18986287,71129  	364752,01876  	1,11404  	-4667896,50935  	0,01636  	0,00627  	-Inf  	-Inf  	0,00406  	0,00402  	0,00395  	0,00392  	-244,98909  	0,00400  	0,00401  
98,11209  	25,15595  	25,14462  	25,15596  	26,75142  	0,04850  	-0,00398  	-15815,93170  	0,00279  	0,00357  	-0,03386  	-0,03580  	0,02386  	0,00230  	0,82233  	-4667896,50935  	21,76678  	289,87221  	NaN  	NaN  	0,00406  	0,00401  	0,00396  	0,00392  	-244,98909  	0,00400  	0,00400  
99,11276  	-244,98909  	1061,18247  	1061,23731  	26,74704  	0,04568  	-0,00398  	-15815,93170  	0,00308  	0,00368  	-0,03392  	-0,03587  	2149383,53269  	0,11295  	0,90893  	-4667896,50935  	0,62810  	0,00928  	-Inf  	-Inf  	0,00406  	0,00401  	0,00396  	0,00392  	-244,98909  	0,00399  	0,00400  
100,11297  	1064,89931  	1327,75450  	1327,82053  	26,74149  	0,05034  	-0,00402  	68735,37572  	0,00572  	0,00353  	-0,03424  	-0,03618  	32350254,26911  	93,38652  	1,68866  	20286482,41797  	0,01342  	0,00395  	-Inf  	-Inf  	0,00406  	0,00403  	0,00395  	0,00392  	1064,73375  	0,00400  	0,00400  
101,11314  	1327,82048  	1327,75450  	1327,82053  	26,73788  	0,04495  	-0,00398  	85706,53851  	-0,00003  	0,00353  	-0,03386  	-0,03580  	40574521,48352  	350,67234  	-0,00886  	25295332,54600  	0,00507  	0,00352  	-Inf  	-Inf  	0,00406  	0,00400  	0,00396  	0,00392  	1327,62170  	0,00398  	0,00400  
102,11278  	12,95168  	12,94086  	12,95169  	26,73367  	0,04553  	-0,00408  	833,75341  	-0,00031  	0,00332  	-0,03470  	-0,03665  	0,19129  	0,00206  	-0,09083  	246073,05573  	17,44475  	200,27314  	NaN  	NaN  	0,00406  	0,00400  	0,00395  	0,00392  	12,91908  	0,00399  	0,00400  
103,11446  	1071,08661  	1071,03140  	1071,08666  	26,72819  	0,04492  	-0,00418  	69134,75701  	-0,00062  	0,00355  	-0,03555  	-0,03749  	8439439,60656  	72,42833  	-0,18257  	20404355,36873  	0,01316  	0,00877  	-Inf  	-Inf  	0,00406  	0,00400  	0,00396  	0,00392  	1070,92028  	0,00398  	0,00400  
104,11557  	10,59640  	10,58567  	1327,82053  	26,72238  	0,05124  	-0,00407  	85706,53851  	-0,00047  	0,00354  	-0,03467  	-0,03662  	6234,71783  	282,35681  	-0,13807  	25295332,54600  	18,07998  	0,07770  	NaN  	NaN  	0,00406  	0,00400  	0,00396  	0,00392  	1327,62170  	0,00400  	0,00400  
105,11543  	1074,68859  	-244,98909  	8,14281  	26,71839  	0,05117  	-0,00430  	85706,53851  	0,00006  	0,00330  	-0,03651  	-0,03845  	212,60465  	386370,98570  	0,01802  	25295332,54600  	0,01204  	7,21548  	Inf  	-Inf  	0,00405  	0,00400  	0,00396  	0,00392  	1327,62170  	0,00400  	0,00400  
106,11701  	1327,82048  	-244,98909  	-244,98909  	26,71383  	0,04612  	-0,00418  	85706,53851  	-0,00083  	0,00358  	-0,03556  	-0,03750  	7372,43692  	0,00000  	-0,24515  	25295332,54600  	0,00514  	0,89247  	Inf  	-Inf  	0,00406  	0,00400  	0,00396  	0,00392  	1327,62170  	0,00399  	0,00400  
107,11768  	2,85328  	1079,92252  	1079,97815  	26,71029  	0,04937  	-0,00420  	85706,53851  	-0,00066  	0,00319  	-0,03573  	-0,03768  	182566,85496  	0,01149  	-0,19474  	25295332,54600  	14,73439  	0,00930  	-Inf  	-Inf  	0,00405  	0,00400  	0,00396  	0,00392  	1327,62170  	0,00400  	0,00400  
108,11736  	1083,33580  	1327,75450  	-0,50440  	26,70550  	0,04633  	-0,00396  	85706,53851  	-0,00065  	0,00353  	-0,03369  	-0,03564  	385856,08706  	1934531,74709  	-0,19147  	25295332,54600  	0,01246  	0,07293  	NaN  	NaN  	0,00406  	0,00400  	0,00396  	0,00392  	1327,62170  	0,00399  	0,00400  
109,11925  	1327,82048  	-3,00433  	1085,82561  	26,70072  	0,05060  	-0,00417  	85706,53851  	-0,00120  	0,00385  	-0,03543  	-0,03737  	133160,18938  	6508602,44191  	-0,35530  	25295332,54600  	0,00553  	0,19980  	Inf  	-Inf  	0,00406  	0,00399  	0,00396  	0,00392  	1327,62170  	0,00400  	0,00401  
110,12157  	1327,82048  	-244,98909  	-4,05740  	26,69665  	0,05007  	-0,00393  	85706,53851  	0,00046  	0,00372  	-0,03348  	-0,03542  	362,77241  	1425095,20988  	0,13575  	25295332,54600  	0,00534  	6,26088  	Inf  	-Inf  	0,00406  	0,00400  	0,00396  	0,00392  	1327,62170  	0,00400  	0,00400  
111,12310  	-7,65495  	1090,43032  	1090,48639  	26,69297  	0,05323  	-0,00420  	85706,53851  	-0,00072  	0,00355  	-0,03570  	-0,03764  	310954,70646  	0,01250  	-0,21303  	25295332,54600  	14,21870  	0,00962  	-Inf  	-Inf  	0,00406  	0,00400  	0,00396  	0,00392  	1327,62170  	0,00401  	0,00400  
112,12284  	-244,98909  	1327,75450  	-12,00352  	26,68960  	0,05012  	-0,00423  	85706,53851  	-0,00131  	0,00353  	-0,03592  	-0,03786  	93677,79444  	3030,70375  	-0,38575  	25295332,54600  	0,60210  	0,08202  	-Inf  	-Inf  	0,00406  	0,00399  	0,00395  	0,00392  	1327,62170  	0,00400  	0,00400  
113,12384  	1098,73393  	1327,75450  	1098,73398  	26,68439  	0,05224  	-0,00417  	-1028,74273  	-0,00045  	0,00356  	-0,03550  	-0,03744  	19122834,88036  	412546,09551  	-0,13289  	-303621,98760  	0,01179  	0,00600  	-Inf  	-Inf  	0,00406  	0,00400  	0,00395  	0,00392  	-15,93149  	0,00401  	0,00400  
114,12565  	1327,82048  	-18,64982  	-18,64031  	26,68062  	0,04966  	-0,00403  	71096,06908  	-0,00069  	0,00347  	-0,03431  	-0,03625  	19,91694  	55,73922  	-0,20250  	20983214,83266  	0,00499  	86,79322  	Inf  	-Inf  	0,00406  	0,00400  	0,00396  	0,00392  	1101,30154  	0,00400  	0,00400  
115,12522  	1327,82048  	-244,98909  	1103,53788  	26,67634  	0,05101  	-0,00417  	-1338,82745  	-0,00019  	0,00313  	-0,03542  	-0,03736  	22016,71565  	8124293,55533  	-0,05543  	-395140,04605  	0,00449  	0,59430  	Inf  	-Inf  	0,00405  	0,00400  	0,00396  	0,00392  	-20,73479  	0,00400  	0,00400  
116,12482  	1327,82048  	1105,09571  	-22,32095  	26,67327  	0,04840  	-0,00421  	71333,64886  	-0,00024  	0,00358  	-0,03577  	-0,03771  	123727,78385  	6445338,76603  	-0,07213  	21053333,86384  	0,00514  	0,19115  	NaN  	NaN  	0,00406  	0,00400  	0,00396  	0,00392  	1104,98171  	0,00400  	0,00400  
117,12507  	-25,51997  	1327,75450  	1108,35140  	26,66934  	0,04666  	-0,00427  	85706,53851  	-0,00113  	0,00342  	-0,03630  	-0,03824  	917334,80570  	43,04950  	-0,33310  	25295332,54600  	10,62660  	0,00527  	-Inf  	-Inf  	0,00406  	0,00399  	0,00396  	0,00392  	1327,62170  	0,00399  	0,00400  
118,12770  	1108,25627  	1327,75450  	-25,42487  	26,66592  	0,04656  	-0,00412  	85706,53851  	-0,00005  	0,00352  	-0,03505  	-0,03699  	347207,73656  	2298532,63839  	-0,01350  	25295332,54600  	0,01122  	0,07976  	NaN  	NaN  	0,00406  	0,00400  	0,00396  	0,00392  	1327,62170  	0,00399  	0,00400  
119,13069  	1327,82048  	1327,75450  	1109,90680  	26,66206  	0,05084  	-0,00422  	85706,53851  	-0,00154  	0,00379  	-0,03588  	-0,03782  	25431479,21053  	1308101,83195  	-0,45388  	25295332,54600  	0,00545  	0,00572  	NaN  	NaN  	0,00406  	0,00399  	0,00396  	0,00392  	1327,62170  	0,00400  	0,00401  
120,13047  	-31,20000  	1327,75450  	-31,20000  	26,65865  	0,05067  	-0,00416  	85706,53851  	-0,00299  	0,00388  	-0,03536  	-0,03730  	19859,26438  	290,35308  	-0,88386  	25295332,54600  	11,07276  	0,08855  	-Inf  	-Inf  	0,00406  	0,00399  	0,00396  	0,00392  	1327,62170  	0,00400  	0,00401  
121,13349  	1118,42647  	-35,60387  	-244,98909  	26,65410  	0,04967  	-0,00414  	-2299,86631  	-0,00197  	0,00358  	-0,03518  	-0,03713  	478,95622  	402786,13410  	-0,58087  	-678779,98641  	0,01096  	4,61768  	Inf  	-Inf  	0,00406  	0,00399  	0,00395  	0,00392  	-35,62155  	0,00400  	0,00400  
122,13346  	1327,82048  	-244,98909  	1122,53477  	26,65073  	0,04496  	-0,00404  	72455,65443  	-0,00101  	0,00343  	-0,03442  	-0,03637  	28146,51343  	7260948,00194  	-0,29673  	21384481,34209  	0,00493  	0,47216  	Inf  	-Inf  	0,00406  	0,00400  	0,00395  	0,00392  	1122,36189  	0,00398  	0,00400  
123,13568  	1327,82048  	-244,98909  	-42,22816  	26,64675  	0,04720  	-0,00394  	-2728,02195  	-0,00179  	0,00344  	-0,03355  	-0,03550  	605,09540  	1130181,43791  	-0,52885  	-805145,36791  	0,00495  	4,13369  	Inf  	-Inf  	0,00406  	0,00399  	0,00396  	0,00392  	-42,25379  	0,00399  	0,00400  
124,13734  	1327,82048  	1129,35362  	1129,41132  	26,64388  	0,04963  	-0,00410  	72899,52557  	-0,00189  	0,00377  	-0,03492  	-0,03686  	15632174,22976  	338,19340  	-0,55833  	21515484,97824  	0,00542  	0,00772  	NaN  	NaN  	0,00406  	0,00399  	0,00396  	0,00392  	1129,23757  	0,00400  	0,00400  
125,13772  	1327,82048  	-48,90596  	1327,82053  	26,64133  	0,05270  	-0,00408  	85706,53851  	-0,00317  	0,00350  	-0,03471  	-0,03665  	368377,89701  	8567928,21854  	-0,93443  	25295332,54600  	0,00503  	0,09792  	NaN  	NaN  	0,00405  	0,00399  	0,00396  	0,00392  	1327,62170  	0,00401  	0,00400  
126,13784  	1327,82048  	-244,98909  	-53,85012  	26,63755  	0,04868  	-0,00409  	85706,53851  	-0,00126  	0,00378  	-0,03476  	-0,03670  	787,40781  	1098760,40491  	-0,37120  	25295332,54600  	0,00543  	3,84668  	Inf  	-Inf  	0,00406  	0,00399  	0,00396  	0,00392  	1327,62170  	0,00400  	0,00400  
127,13976  	-56,05074  	1138,82408  	-244,98909  	26,63402  	0,05178  	-0,00407  	85706,53851  	-0,00062  	0,00350  	-0,03463  	-0,03657  	2072,72339  	310,72368  	-0,18191  	25295332,54600  	6,88649  	0,49856  	NaN  	NaN  	0,00406  	0,00400  	0,00396  	0,00392  	1327,62170  	0,00401  	0,00400  
128,13976  	1141,38087  	1327,75450  	-244,98909  	26,63069  	0,05124  	-0,00400  	85706,53851  	-0,00244  	0,00376  	-0,03407  	-0,03601  	111423,60205  	3564581,83101  	-0,72096  	25295332,54600  	0,01051  	0,20238  	NaN  	NaN  	0,00406  	0,00399  	0,00395  	0,00392  	1327,62170  	0,00400  	0,00400  
129,14139  	-62,67543  	1327,75450  	-244,98909  	26,62779  	0,05135  	-0,00450  	85706,53851  	0,00103  	0,00362  	-0,03818  	-0,04012  	8586,97555  	355,09171  	0,30346  	25295332,54600  	6,44130  	0,20279  	NaN  	NaN  	0,00405  	0,00400  	0,00396  	0,00391  	1327,62170  	0,00400  	0,00400  
130,14142  	1145,92027  	-63,09651  	-244,98909  	26,62481  	0,05270  	-0,00429  	-4074,54930  	0,00040  	0,00332  	-0,03647  	-0,03841  	679,59261  	435069,52106  	0,11926  	-1202557,95459  	0,00912  	3,84384  	Inf  	-Inf  	0,00405  	0,00400  	0,00396  	0,00392  	-63,11187  	0,00401  	0,00400  
131,14342  	-68,44924  	1151,22205  	-244,98909  	26,62152  	0,05269  	-0,00394  	74311,15920  	0,00025  	0,00357  	-0,03358  	-0,03553  	2672,29296  	328,46361  	0,07322  	21932112,95815  	5,82340  	0,47535  	NaN  	NaN  	0,00406  	0,00400  	0,00396  	0,00392  	1151,10416  	0,00401  	0,00400  
132,14346  	1152,19113  	-69,36710  	-244,98909  	26,61793  	0,04815  	-0,00404  	-4479,32346  	0,00455  	0,00363  	-0,03438  	-0,03632  	816,09546  	397742,80767  	1,34299  	-1322022,54971  	0,00973  	3,32938  	Inf  	-Inf  	0,00406  	0,00402  	0,00396  	0,00392  	-69,38193  	0,00399  	0,00400  
133,14334  	-72,43264  	-244,98909  	1155,26408  	26,61429  	0,04520  	-0,00408  	74568,28188  	0,00583  	0,00350  	-0,03475  	-0,03669  	2820,52131  	286,16676  	1,72116  	22007999,86187  	5,38878  	0,39935  	NaN  	NaN  	0,00406  	0,00403  	0,00396  	0,00392  	1155,08706  	0,00398  	0,00400  
134,14336  	-244,98909  	1157,58364  	1327,82053  	26,61038  	0,04707  	-0,00413  	85706,53851  	0,00458  	0,00380  	-0,03511  	-0,03706  	6020066,58069  	362,14110  	1,35132  	25295332,54600  	0,64744  	0,00488  	-Inf  	-Inf  	0,00406  	0,00402  	0,00396  	0,00392  	1327,62170  	0,00399  	0,00401  
135,14416  	1158,90073  	-76,07643  	1327,82053  	26,60813  	0,05266  	-0,00417  	85706,53851  	-0,00975  	0,00378  	-0,03549  	-0,03743  	299902,87093  	3611280,20554  	-2,87682  	25295332,54600  	0,00987  	0,10775  	NaN  	NaN  	0,00406  	0,00395  	0,00396  	0,00392  	1327,62170  	0,00401  	0,00400  
136,14477  	1327,82048  	-244,98909  	1327,82053  	26,60664  	0,05061  	-0,00410  	85706,53851  	-0,00914  	0,00375  	-0,03489  	-0,03683  	129798,47803  	9399007,93864  	-2,69844  	25295332,54600  	0,00539  	0,19983  	NaN  	NaN  	0,00406  	0,00396  	0,00396  	0,00392  	1327,62170  	0,00400  	0,00400  
137,14517  	-78,47110  	1161,24349  	1327,82053  	26,60282  	0,04985  	-0,00429  	85706,53851  	-0,00441  	0,00387  	-0,03645  	-0,03840  	2390477,87356  	38,39762  	-1,30058  	25295332,54600  	5,43586  	0,00514  	-Inf  	-Inf  	0,00406  	0,00398  	0,00396  	0,00392  	1327,62170  	0,00400  	0,00401  
138,14694  	-244,98909  	-81,39104  	1327,82053  	26,59942  	0,04964  	-0,00417  	-5255,48271  	-0,00792  	0,00341  	-0,03542  	-0,03736  	63149,44603  	3161,94042  	-2,33682  	-1551097,32775  	0,58036  	0,10352  	NaN  	NaN  	0,00405  	0,00396  	0,00396  	0,00392  	-81,40485  	0,00400  	0,00400  
139,14849  	1165,54897  	1165,48979  	-82,71757  	26,59554  	0,04606  	-0,00416  	75232,15872  	0,00031  	0,00355  	-0,03538  	-0,03732  	107499,24815  	2914765,34980  	0,09084  	22203935,73466  	0,00905  	0,18189  	NaN  	NaN  	0,00406  	0,00400  	0,00396  	0,00392  	1165,37070  	0,00399  	0,00400  
140,15133  	-87,26827  	-87,27489  	1170,09971  	26,59357  	0,05369  	-0,00390  	-5635,29246  	0,00261  	0,00361  	-0,03321  	-0,03515  	10917,48433  	325,13594  	0,77167  	-1663193,95525  	4,44743  	0,21201  	NaN  	NaN  	0,00406  	0,00401  	0,00396  	0,00393  	-87,28821  	0,00401  	0,00400  
141,15167  	-244,98909  	1173,33625  	1327,82053  	26,59013  	0,04620  	-0,00416  	-15815,93170  	0,00431  	0,00348  	-0,03538  	-0,03732  	5736189,34358  	322,64877  	1,27122  	-4667896,50935  	0,59276  	0,00466  	-Inf  	-Inf  	0,00406  	0,00402  	0,00396  	0,00392  	-244,98909  	0,00399  	0,00400  
142,15274  	1178,04405  	1327,75450  	1327,82053  	26,58749  	0,05050  	-0,00427  	-15815,93170  	0,00438  	0,00337  	-0,03626  	-0,03820  	34312034,15091  	181,24953  	1,29135  	-4667896,50935  	0,00820  	0,00396  	-Inf  	-Inf  	0,00406  	0,00402  	0,00396  	0,00392  	-244,98909  	0,00400  	0,00400  
143,15344  	-99,06155  	-99,06767  	1327,82053  	26,58539  	0,05068  	-0,00421  	76287,13715  	0,00484  	0,00344  	-0,03576  	-0,03770  	26821,54174  	374,17875  	1,42849  	22515300,89599  	3,57462  	0,11271  	NaN  	NaN  	0,00406  	0,00402  	0,00396  	0,00392  	1181,71260  	0,00400  	0,00400  
144,15407  	1183,63842  	1183,57848  	-100,80702  	26,58176  	0,04982  	-0,00411  	-6509,19836  	0,00513  	0,00343  	-0,03499  	-0,03693  	105518,77789  	3586793,37821  	1,51508  	-1921117,57258  	0,00817  	0,19677  	NaN  	NaN  	0,00405  	0,00402  	0,00396  	0,00392  	-100,82525  	0,00400  	0,00400  
145,15702  	-104,03716  	-104,04307  	-244,98909  	26,57797  	0,05037  	-0,00399  	-15815,93170  	0,00532  	0,00328  	-0,03401  	-0,03595  	136,76146  	38,11357  	1,57074  	-4667896,50935  	3,17296  	2,62160  	Inf  	-Inf  	0,00405  	0,00402  	0,00395  	0,00392  	-244,98909  	0,00400  	0,00400  
146,15793  	1188,20343  	-244,98909  	-244,98909  	26,57663  	0,04495  	-0,00390  	-15815,93170  	0,00536  	0,00360  	-0,03321  	-0,03515  	6631,93972  	0,00000  	1,58178  	-4667896,50935  	0,00844  	0,86968  	Inf  	-Inf  	0,00406  	0,00402  	0,00396  	0,00393  	-244,98909  	0,00398  	0,00400  
147,15753  	1327,82048  	1193,42317  	1193,48357  	26,57422  	0,05010  	-0,00431  	-15815,93170  	0,00631  	0,00341  	-0,03659  	-0,03853  	20024103,41657  	357,25005  	1,86315  	-4667896,50935  	0,00490  	0,00617  	NaN  	NaN  	0,00405  	0,00403  	0,00395  	0,00392  	-244,98909  	0,00400  	0,00400  
148,16008  	-115,02303  	1327,75450  	-115,02303  	26,57126  	0,04750  	-0,00427  	77317,42682  	0,00608  	0,00376  	-0,03627  	-0,03821  	30285,57080  	404,78188  	1,79580  	22819379,44479  	3,11256  	0,11208  	-Inf  	-Inf  	0,00406  	0,00403  	0,00395  	0,00392  	1197,67207  	0,00399  	0,00400  
149,16119  	1198,71628  	1327,75450  	1198,71633  	26,56956  	0,04811  	-0,00402  	85706,53851  	0,00560  	0,00368  	-0,03425  	-0,03619  	27860330,60131  	377842,56443  	1,65422  	25295332,54600  	0,00829  	0,00465  	-Inf  	-Inf  	0,00406  	0,00403  	0,00396  	0,00392  	1327,62170  	0,00399  	0,00400  
