01/23/2025 11:18:52Time	T_hot_in(C)	T_cold_in(C)	T_cold_out(C)	T_hot_out(C)	mdot_cold(kg/s)	ASFASIFUAS(kg/s)	Diferencial_cold(bar)	Diferencial_hot(bar)	mdot_hot(kg/s)	ABS_cold(bar)	ABS_hot(bar)	q_cold(kW)	q_hot(kW)	ASFASYFY	Tau_cold_haste	Re_hot	Re_cold	U_global	PSIG_cold(bar)	R_fouling	PSIG_hot(bar)	PSID_hot(bar)	m_dot_hot	PSID_cold(bar)	m_dot_cold
2,01991  	0,00000  	0,00000  	0,00000  	0,00000  	-1,18512  	-0,20833  	-0,25900  	-0,86180  	-3,02442  	-1,72343  	-1,72415  	-0,00000  	-0,00000  	-254,35069  	-76,44127  	-9234,48090  	-3618,55272  	NaN  	NaN  	0,00000  	0,00000  	0,00000  	0,00000  	0,00000  	0,00000  	0,00000  
3,02268  	-244,98909  	1327,75450  	1327,82053  	26,29793  	0,04890  	0,29542  	85706,53851  	0,53756  	0,21522  	2,44151  	2,43778  	515985988,26374  	0,14670  	158,65494  	25295332,54600  	36,51363  	0,00383  	-Inf  	-Inf  	0,00406  	0,00649  	0,00396  	0,00967  	1327,62170  	0,00400  	0,00428  
4,02295  	884,27006  	1327,75450  	1327,82053  	26,29918  	0,04854  	0,25477  	85706,53851  	0,47013  	0,21140  	2,10536  	2,10187  	1602882167,76371  	26,10910  	138,75219  	25295332,54600  	1,86491  	0,00380  	-Inf  	-Inf  	0,00406  	0,00618  	0,00395  	0,00889  	1327,62170  	0,00400  	0,00428  
5,02564  	306,07515  	1327,75450  	1327,82053  	26,30028  	0,05122  	0,19846  	85706,53851  	0,37314  	0,19179  	1,63987  	1,63672  	474193979,60789  	0,02364  	110,12688  	25295332,54600  	380,95594  	0,00401  	-Inf  	-Inf  	0,00405  	0,00573  	0,00396  	0,00781  	1327,62170  	0,00400  	0,00425  
6,02696  	780,72897  	1327,75450  	1327,82053  	26,29722  	0,04675  	0,14559  	85706,53851  	0,28108  	0,16368  	1,20270  	1,19987  	1091300243,35881  	10,82146  	82,95680  	25295332,54600  	2,56408  	0,00366  	-Inf  	-Inf  	0,00405  	0,00530  	0,00396  	0,00680  	1327,62170  	0,00399  	0,00422  
7,02693  	1327,82048  	1327,75450  	298,33372  	26,29201  	0,04978  	0,10070  	19254,72993  	0,20091  	0,13801  	0,83155  	0,82899  	69905258,13007  	6041782,92098  	59,29781  	5682819,59803  	0,19868  	0,03197  	NaN  	NaN  	0,00406  	0,00493  	0,00396  	0,00593  	298,26504  	0,00400  	0,00418  
8,02792  	294,67275  	294,65011  	788,15867  	26,28047  	0,04679  	0,06353  	50872,18584  	0,13512  	0,11058  	0,52428  	0,52193  	789253,03029  	142,88596  	39,87817  	15014360,40358  	273,71689  	0,18477  	-Inf  	-Inf  	0,00406  	0,00463  	0,00396  	0,00522  	788,02806  	0,00399  	0,00415  
9,02826  	790,97066  	-244,98909  	291,86075  	26,24953  	0,04546  	0,03367  	85706,53851  	0,08016  	0,08284  	0,27740  	0,27523  	264,99564  	93460,39069  	23,65796  	25295332,54600  	1,22172  	260,96481  	Inf  	-Inf  	0,00406  	0,00437  	0,00396  	0,00465  	1327,62170  	0,00399  	0,00411  
10,02964  	1327,82048  	792,92741  	-244,98909  	26,20045  	0,04842  	0,01151  	18707,79343  	0,03782  	0,05829  	0,09422  	0,09218  	15591,24826  	5922040,23100  	11,16273  	5521397,36722  	0,08395  	5,32464  	NaN  	NaN  	0,00405  	0,00418  	0,00396  	0,00422  	289,79284  	0,00400  	0,00408  
11,03063  	1327,82048  	287,54189  	795,26719  	26,16788  	0,04678  	-0,00261  	51331,03010  	0,01050  	0,01579  	-0,02255  	-0,02451  	546511,42520  	2798507,22505  	3,09908  	15149783,18786  	0,02274  	0,18472  	NaN  	NaN  	0,00406  	0,00405  	0,00395  	0,00395  	795,13569  	0,00399  	0,00402  
12,03130  	1327,82048  	796,90639  	1327,82053  	26,17430  	0,05116  	-0,00896  	85706,53851  	-0,00072  	0,00335  	-0,07503  	-0,07694  	9435823,06121  	3200506,86902  	-0,21376  	25295332,54600  	0,00483  	0,01034  	-Inf  	-Inf  	0,00406  	0,00400  	0,00396  	0,00383  	1327,62170  	0,00400  	0,00400  
13,03261  	282,41823  	1327,75450  	282,41825  	26,20516  	0,05123  	-0,00989  	85706,53851  	-0,00388  	0,00369  	-0,08276  	-0,08467  	345622,49537  	297,28501  	-1,14508  	25295332,54600  	11,70270  	0,03435  	-Inf  	-Inf  	0,00406  	0,00398  	0,00396  	0,00381  	1327,62170  	0,00400  	0,00400  
14,03271  	-244,98909  	1327,75450  	804,28478  	26,23793  	0,04832  	-0,00968  	17977,50507  	-0,00373  	0,00356  	-0,08101  	-0,08292  	2136019,37873  	1150,49635  	-1,10095  	5305860,87175  	0,60444  	0,00962  	-Inf  	-Inf  	0,00406  	0,00398  	0,00396  	0,00381  	278,48048  	0,00399  	0,00400  
15,03238  	-244,98909  	276,85012  	1327,82053  	26,25954  	0,04827  	-0,01011  	52021,19632  	-0,00384  	0,00372  	-0,08454  	-0,08645  	360054,12241  	2306,57228  	-1,13440  	15353478,07917  	0,63031  	0,03285  	-Inf  	-Inf  	0,00406  	0,00398  	0,00396  	0,00381  	805,82655  	0,00399  	0,00400  
16,03237  	808,37487  	808,33068  	274,45654  	26,27243  	0,05172  	-0,01011  	85706,53851  	-0,00343  	0,00335  	-0,08454  	-0,08644  	69765,92942  	122650,21703  	-1,01174  	25295332,54600  	0,04472  	0,20424  	NaN  	NaN  	0,00406  	0,00398  	0,00396  	0,00381  	1327,62170  	0,00401  	0,00400  
17,03260  	1327,82048  	1327,75450  	-244,98909  	26,27983  	0,04624  	-0,01002  	85706,53851  	-0,00182  	0,00327  	-0,08385  	-0,08576  	113245,36204  	8574154,42196  	-0,53711  	25295332,54600  	0,00471  	0,18264  	NaN  	NaN  	0,00406  	0,00399  	0,00396  	0,00381  	1327,62170  	0,00399  	0,00400  
18,03460  	1327,82048  	1327,75450  	811,10317  	26,28519  	0,04504  	-0,00997  	85706,53851  	-0,00400  	0,00315  	-0,08345  	-0,08536  	9249512,82802  	2743522,21494  	-1,18163  	25295332,54600  	0,00454  	0,00885  	NaN  	NaN  	0,00406  	0,00398  	0,00396  	0,00381  	1327,62170  	0,00398  	0,00400  
19,03471  	1327,82048  	1327,75450  	270,68620  	26,28775  	0,04972  	-0,00868  	85706,53851  	-0,00855  	0,00128  	-0,07278  	-0,07469  	580006,86330  	6196310,75001  	-2,52365  	25295332,54600  	0,00184  	0,03442  	NaN  	NaN  	0,00406  	0,00396  	0,00396  	0,00383  	1327,62170  	0,00400  	0,00400  
20,03686  	268,08155  	268,06003  	-244,98909  	26,28922  	0,05079  	-0,00722  	85706,53851  	-0,00915  	-0,08448  	-0,06069  	-0,06261  	-85,49495  	131,33002  	-2,70076  	25295332,54600  	-359,53786  	215,06609  	NaN  	NaN  	0,00406  	0,00396  	0,00396  	0,00386  	1327,62170  	0,00400  	0,00389  
21,03834  	818,62849  	818,58387  	818,62852  	26,28355  	0,04430  	-0,00548  	85706,53851  	-0,00931  	-0,14755  	-0,04630  	-0,04823  	-47550848,35151  	9,57394  	-2,74789  	25295332,54600  	-1,85543  	0,02762  	Inf  	-Inf  	0,00406  	0,00396  	0,00395  	0,00389  	1327,62170  	0,00398  	0,00380  
22,04148  	260,34386  	260,32266  	260,34388  	26,27439  	0,05395  	-0,00546  	85706,53851  	-0,00800  	-0,14783  	-0,04610  	-0,04803  	-4817,39328  	0,00554  	-2,36116  	25295332,54600  	-741,03463  	7,79358  	Inf  	-Inf  	0,00406  	0,00396  	0,00396  	0,00390  	1327,62170  	0,00401  	0,00380  
23,04149  	826,09423  	-244,98909  	826,09426  	26,26533  	0,04999  	-0,00474  	85706,53851  	-0,00361  	-0,14791  	-0,04014  	-0,04208  	-37911,33739  	275536,37332  	-1,06430  	25295332,54600  	-1,78375  	4,03785  	NaN  	NaN  	0,00406  	0,00398  	0,00396  	0,00391  	1327,62170  	0,00400  	0,00380  
24,04127  	253,68369  	829,10263  	1327,82053  	26,25654  	0,05043  	-0,00437  	85706,53851  	-0,00006  	-0,14771  	-0,03716  	-0,03909  	-79886049,60991  	118,26236  	-0,01861  	25295332,54600  	-853,09772  	0,00956  	Inf  	-Inf  	0,00406  	0,00400  	0,00396  	0,00392  	1327,62170  	0,00400  	0,00380  
25,04063  	833,87768  	1327,75450  	248,95372  	26,24849  	0,04779  	-0,00422  	16067,32606  	-0,00125  	-0,14618  	-0,03591  	-0,03785  	-37621244,64934  	282637,02967  	-0,36892  	4742092,75964  	-1,68843  	0,03513  	NaN  	NaN  	0,00406  	0,00399  	0,00396  	0,00392  	248,89128  	0,00399  	0,00381  
26,04236  	248,55855  	1327,75450  	834,27287  	26,24022  	0,05032  	-0,00410  	-15815,93170  	-0,00049  	-0,11134  	-0,03488  	-0,03682  	-59752125,66810  	114,59086  	-0,14561  	-4667896,50935  	-716,87035  	0,00944  	Inf  	-Inf  	0,00406  	0,00400  	0,00396  	0,00392  	-244,98909  	0,00400  	0,00385  
27,04235  	835,72792  	1327,75450  	247,10349  	26,23149  	0,04934  	-0,00401  	53942,71086  	0,00146  	-0,08907  	-0,03417  	-0,03611  	-22802414,64271  	296712,41157  	0,43116  	15920591,74800  	-1,01846  	0,03646  	NaN  	NaN  	0,00406  	0,00401  	0,00396  	0,00392  	835,59134  	0,00400  	0,00388  
28,04252  	245,02093  	1327,75450  	837,81050  	26,22384  	0,05201  	-0,00388  	85706,53851  	0,00328  	-0,06855  	-0,03304  	-0,03498  	-36581458,14863  	116,25258  	0,96896  	25295332,54600  	-475,53701  	0,00969  	Inf  	-Inf  	0,00406  	0,00402  	0,00396  	0,00393  	1327,62170  	0,00401  	0,00391  
29,04221  	840,03251  	1327,75450  	242,79890  	26,21815  	0,04713  	-0,00421  	85706,53851  	0,00072  	-0,05041  	-0,03577  	-0,03771  	-12746159,36955  	294569,27448  	0,21387  	25295332,54600  	-0,56299  	0,03524  	NaN  	NaN  	0,00405  	0,00400  	0,00396  	0,00392  	1327,62170  	0,00399  	0,00393  
30,04457  	1327,82048  	1327,75450  	-244,98909  	26,21245  	0,05059  	-0,00382  	85706,53851  	-0,00904  	-0,04686  	-0,03259  	-0,03453  	-1621454,43268  	9377702,51754  	-2,66934  	25295332,54600  	-0,06747  	0,19982  	NaN  	NaN  	0,00406  	0,00396  	0,00396  	0,00393  	1327,62170  	0,00400  	0,00394  
31,04798  	239,58081  	239,56048  	843,25061  	26,20678  	0,04959  	-0,00432  	85706,53851  	-0,01119  	-0,04732  	-0,03673  	-0,03867  	-268510,39266  	134,51579  	-3,30184  	25295332,54600  	-367,62061  	0,19582  	Inf  	-Inf  	0,00406  	0,00395  	0,00395  	0,00392  	1327,62170  	0,00400  	0,00394  
32,04797  	-244,98909  	-244,98909  	1327,82053  	26,20114  	0,04884  	-0,00424  	15236,33223  	-0,00971  	-0,04810  	-0,03604  	-0,03798  	-346891,38400  	3495,50925  	-2,86680  	4496834,16540  	-8,15146  	0,19282  	NaN  	NaN  	0,00406  	0,00395  	0,00396  	0,00392  	236,01896  	0,00400  	0,00394  
33,04957  	-244,98909  	851,63156  	1327,82053  	26,19500  	0,04232  	-0,00394  	54972,23651  	-0,00904  	-0,04622  	-0,03357  	-0,03551  	-31835310,70460  	917,29652  	-2,66717  	16224444,80364  	-7,83245  	0,00767  	Inf  	-Inf  	0,00406  	0,00396  	0,00396  	0,00392  	851,53897  	0,00398  	0,00394  
34,04978  	855,53740  	1327,75450  	227,29401  	26,19001  	0,05134  	-0,00409  	14669,22429  	-0,00332  	-0,04088  	-0,03478  	-0,03672  	-9875618,17591  	368139,39307  	-0,98115  	4329458,55685  	-0,41977  	0,04010  	NaN  	NaN  	0,00406  	0,00398  	0,00396  	0,00392  	227,23430  	0,00400  	0,00395  
35,05001  	224,65624  	1327,75450  	858,17518  	26,18415  	0,04652  	-0,00418  	55391,64521  	-0,00294  	-0,03683  	-0,03555  	-0,03749  	-18917863,36720  	95,25590  	-0,86812  	16348228,62049  	-383,45606  	0,00833  	Inf  	-Inf  	0,00406  	0,00399  	0,00396  	0,00392  	858,03572  	0,00399  	0,00395  
36,04983  	861,45318  	1327,75450  	221,37823  	26,17700  	0,04975  	-0,00420  	85706,53851  	0,00297  	-0,03908  	-0,03568  	-0,03762  	-9276101,91026  	375661,53122  	0,87584  	25295332,54600  	-0,38884  	0,03951  	NaN  	NaN  	0,00406  	0,00401  	0,00396  	0,00392  	1327,62170  	0,00400  	0,00395  
37,04953  	1327,82048  	1327,75450  	862,26888  	26,16870  	0,04938  	-0,00413  	14234,71948  	0,00411  	-0,03899  	-0,03516  	-0,03710  	-132927821,03223  	2708206,11061  	1,21169  	4201219,29104  	-0,05615  	0,00877  	NaN  	NaN  	0,00406  	0,00402  	0,00395  	0,00392  	220,50370  	0,00400  	0,00395  
38,04952  	1327,82048  	219,19198  	1327,82053  	26,15936  	0,04461  	-0,00411  	55743,09799  	-0,00032  	-0,03825  	-0,03494  	-0,03688  	-14024183,96133  	5826477,36555  	-0,09526  	16451956,00417  	-0,05509  	0,03564  	Inf  	-Inf  	0,00406  	0,00400  	0,00396  	0,00392  	863,47982  	0,00398  	0,00395  
39,04988  	1327,82048  	-244,98909  	1327,82053  	26,15073  	0,05149  	-0,00434  	14057,95381  	-0,00673  	-0,03698  	-0,03685  	-0,03879  	-1280152,51260  	9541894,05686  	-1,98504  	4149048,86781  	-0,05326  	0,20331  	NaN  	NaN  	0,00406  	0,00397  	0,00395  	0,00392  	217,76556  	0,00401  	0,00395  
40,04941  	1327,82048  	-244,98909  	216,60318  	26,14175  	0,05243  	-0,00413  	55911,45929  	-0,00623  	-0,03537  	-0,03510  	-0,03704  	-199,28767  	2851055,90767  	-1,83968  	16501645,96998  	-0,05095  	104,78983  	Inf  	-Inf  	0,00406  	0,00397  	0,00395  	0,00392  	866,08779  	0,00401  	0,00395  
41,05000  	1327,82048  	868,34368  	-244,98909  	26,13244  	0,04335  	-0,00418  	85706,53851  	-0,00430  	-0,03515  	-0,03552  	-0,03746  	-24774,42677  	5685574,98094  	-1,26974  	25295332,54600  	-0,05063  	2,43823  	NaN  	NaN  	0,00406  	0,00398  	0,00396  	0,00392  	1327,62170  	0,00398  	0,00395  
42,05227  	212,52689  	212,50769  	870,30454  	26,12279  	0,04950  	-0,00413  	85706,53851  	-0,00329  	-0,03360  	-0,03514  	-0,03708  	-166531,96679  	139,90235  	-0,97217  	25295332,54600  	-429,97327  	0,19544  	Inf  	-Inf  	0,00406  	0,00398  	0,00396  	0,00392  	1327,62170  	0,00400  	0,00396  
43,05441  	870,72172  	-244,98909  	1327,82053  	26,11167  	0,05146  	-0,00419  	85706,53851  	-0,00356  	-0,03475  	-0,03564  	-0,03758  	-780680,17085  	593386,63746  	-1,04964  	25295332,54600  	-0,32935  	0,20317  	NaN  	NaN  	0,00405  	0,00398  	0,00396  	0,00392  	1327,62170  	0,00401  	0,00395  
44,05534  	1327,82048  	-244,98909  	1327,82053  	26,10076  	0,05119  	-0,00421  	85706,53851  	-0,00295  	-0,03402  	-0,03577  	-0,03771  	-1177710,22713  	9483594,76653  	-0,87186  	25295332,54600  	-0,04900  	0,20212  	NaN  	NaN  	0,00406  	0,00399  	0,00396  	0,00392  	1327,62170  	0,00400  	0,00396  
45,05819  	202,63496  	880,14922  	1327,82053  	26,08960  	0,04644  	-0,00412  	85706,53851  	-0,00279  	-0,03271  	-0,03506  	-0,03700  	-15928270,79413  	88,64256  	-0,82491  	25295332,54600  	-479,07280  	0,00797  	Inf  	-Inf  	0,00406  	0,00399  	0,00396  	0,00392  	1327,62170  	0,00399  	0,00396  
46,05918  	-244,98909  	1327,75450  	1327,82053  	26,07765  	0,04637  	-0,00412  	85706,53851  	-0,00311  	-0,03294  	-0,03503  	-0,03697  	-78900718,82726  	0,13965  	-0,91732  	25295332,54600  	-5,57514  	0,00363  	Inf  	-Inf  	0,00406  	0,00399  	0,00396  	0,00392  	1327,62170  	0,00399  	0,00396  
47,06104  	-244,98909  	1327,75450  	194,92033  	26,06673  	0,05286  	-0,00418  	85706,53851  	-0,00219  	-0,03294  	-0,03556  	-0,03751  	-2268136,14529  	2731,54844  	-0,64489  	25295332,54600  	-5,57476  	0,04529  	Inf  	-Inf  	0,00406  	0,00399  	0,00396  	0,00392  	1327,62170  	0,00401  	0,00396  
48,06241  	890,85898  	191,95408  	890,85901  	26,05460  	0,04671  	-0,00420  	85706,53851  	-0,00179  	-0,03226  	-0,03571  	-0,03765  	-741854,77439  	279023,67548  	-0,52819  	25295332,54600  	-0,27543  	0,18446  	Inf  	-Inf  	0,00406  	0,00399  	0,00396  	0,00392  	1327,62170  	0,00399  	0,00396  
49,06453  	1327,82048  	893,24652  	1327,82053  	26,04466  	0,04988  	-0,00430  	85706,53851  	-0,00302  	-0,01864  	-0,03655  	-0,03849  	-69496427,01074  	2552514,98127  	-0,89161  	25295332,54600  	-0,02686  	0,00834  	Inf  	-Inf  	0,00406  	0,00399  	0,00396  	0,00392  	1327,62170  	0,00400  	0,00398  
50,06606  	1327,82048  	1327,75450  	1327,82053  	26,03385  	0,05177  	-0,00415  	85706,53851  	-0,00283  	0,00343  	-0,03527  	-0,03721  	39445871,47765  	402,50233  	-0,83482  	25295332,54600  	0,00494  	0,00406  	-Inf  	-Inf  	0,00406  	0,00399  	0,00396  	0,00392  	1327,62170  	0,00401  	0,00400  
51,06671  	1327,82048  	179,94961  	179,96745  	26,02347  	0,05149  	-0,00414  	85706,53851  	-0,00283  	0,00376  	-0,03524  	-0,03718  	49,45260  	108,15874  	-0,83460  	25295332,54600  	0,00542  	62,31843  	NaN  	NaN  	0,00406  	0,00399  	0,00395  	0,00392  	1327,62170  	0,00401  	0,00400  
52,06769  	1327,82048  	-244,98909  	-244,98909  	26,01293  	0,04991  	-0,00430  	85706,53851  	-0,00289  	-0,03134  	-0,03650  	-0,03844  	-64649,22961  	0,00000  	-0,85374  	25295332,54600  	-0,04516  	0,96570  	-Inf  	-Inf  	0,00405  	0,00399  	0,00395  	0,00392  	1327,62170  	0,00400  	0,00396  
53,06760  	172,41521  	910,36771  	910,41622  	26,00207  	0,04894  	-0,00422  	85706,53851  	-0,00290  	-0,02814  	-0,03590  	-0,03784  	-3323757,87806  	0,01001  	-0,85652  	25295332,54600  	-492,70695  	0,01922  	Inf  	-Inf  	0,00405  	0,00399  	0,00396  	0,00392  	1327,62170  	0,00400  	0,00396  
54,07000  	912,59875  	170,21522  	1327,82053  	25,99153  	0,05297  	-0,00436  	10986,00043  	-0,00255  	0,00362  	-0,03705  	-0,03899  	732476,90075  	615609,16832  	-0,75321  	3242395,96127  	0,02767  	0,04875  	-Inf  	-Inf  	0,00406  	0,00399  	0,00395  	0,00392  	170,18016  	0,00401  	0,00400  
55,07018  	1327,82048  	913,64274  	1327,82053  	25,98019  	0,04813  	-0,00398  	-15815,93170  	-0,00300  	0,00381  	-0,03392  	-0,03587  	15032647,10228  	2346440,73806  	-0,88518  	-4667896,50935  	0,00548  	0,00774  	-Inf  	-Inf  	0,00406  	0,00399  	0,00395  	0,00392  	-244,98909  	0,00399  	0,00401  
56,07002  	167,43793  	167,42062  	1327,82053  	25,97037  	0,04892  	-0,00422  	-15815,93170  	-0,00288  	0,00348  	-0,03585  	-0,03779  	111220,78635  	239,11822  	-0,84991  	-4667896,50935  	60,83553  	0,04540  	-Inf  	-Inf  	0,00406  	0,00399  	0,00395  	0,00392  	-244,98909  	0,00400  	0,00400  
57,07186  	919,36794  	919,31909  	1327,82053  	25,96086  	0,05303  	-0,00414  	59341,54674  	-0,00318  	0,00332  	-0,03524  	-0,03719  	9139279,66550  	228465,64480  	-0,93913  	17513998,17117  	0,02455  	0,00844  	-Inf  	-Inf  	0,00406  	0,00399  	0,00395  	0,00392  	919,22078  	0,00401  	0,00400  
58,07480  	161,49557  	1327,75450  	1327,82053  	25,95088  	0,04951  	-0,00427  	10422,03631  	-0,00406  	0,00355  	-0,03631  	-0,03825  	4248296,84134  	0,01376  	-1,19729  	3075948,21753  	61,18731  	0,00388  	-Inf  	-Inf  	0,00406  	0,00398  	0,00396  	0,00392  	161,44420  	0,00400  	0,00400  
59,07556  	-244,98909  	1327,75450  	1327,82053  	25,94136  	0,04583  	-0,00419  	-15815,93170  	-0,00462  	0,00375  	-0,03560  	-0,03755  	8970136,05183  	0,13835  	-1,36331  	-4667896,50935  	0,63325  	0,00359  	-Inf  	-Inf  	0,00406  	0,00398  	0,00396  	0,00392  	-244,98909  	0,00399  	0,00400  
60,07700  	-244,98909  	1327,75450  	1327,82053  	25,93203  	0,04872  	-0,00399  	59875,13769  	-0,00400  	-0,01010  	-0,03397  	-0,03592  	-24186300,06364  	0,14707  	-1,17933  	17671481,60895  	-1,70734  	0,00382  	Inf  	-Inf  	0,00406  	0,00398  	0,00396  	0,00392  	927,48625  	0,00400  	0,00399  
61,07888  	932,65796  	150,15686  	1327,82053  	25,92341  	0,04788  	-0,00411  	85706,53851  	-0,00375  	0,00349  	-0,03493  	-0,03687  	662890,65270  	654390,75399  	-1,10807  	25295332,54600  	0,02423  	0,04677  	-Inf  	-Inf  	0,00406  	0,00398  	0,00395  	0,00392  	1327,62170  	0,00399  	0,00400  
62,07928  	145,22616  	937,55562  	1327,82053  	25,91444  	0,04653  	-0,00402  	85706,53851  	-0,00502  	0,00335  	-0,03426  	-0,03620  	1297778,54540  	76,26184  	-1,48082  	25295332,54600  	53,90670  	0,00715  	-Inf  	-Inf  	0,00406  	0,00398  	0,00396  	0,00392  	1327,62170  	0,00399  	0,00400  
63,08084  	940,26665  	1327,75450  	1327,82053  	25,90587  	0,05375  	-0,00429  	9200,08001  	-0,00493  	0,00332  	-0,03645  	-0,03839  	26788737,14320  	43,48158  	-1,45430  	2715301,39236  	0,02216  	0,00421  	-Inf  	-Inf  	0,00405  	0,00398  	0,00395  	0,00392  	142,51576  	0,00401  	0,00400  
64,08268  	138,61533  	1327,75450  	138,61534  	25,89619  	0,05428  	-0,00444  	60945,45584  	-0,00441  	0,00374  	-0,03769  	-0,03963  	83720,37018  	270,84320  	-1,30212  	17987374,11894  	57,82975  	0,05489  	-Inf  	-Inf  	0,00406  	0,00398  	0,00396  	0,00391  	944,06577  	0,00401  	0,00400  
65,08452  	-244,98909  	1327,75450  	-244,98909  	25,88728  	0,05214  	-0,00444  	85706,53851  	-0,00394  	0,00381  	-0,03767  	-0,03961  	27469,92066  	3751,43135  	-1,16311  	25295332,54600  	0,64441  	0,20591  	-Inf  	-Inf  	0,00406  	0,00398  	0,00396  	0,00391  	1327,62170  	0,00401  	0,00401  
66,08681  	950,86093  	1327,75450  	950,86097  	25,87946  	0,05195  	-0,00437  	85706,53851  	-0,00329  	0,00346  	-0,03715  	-0,03909  	10761627,48396  	258421,55859  	-0,97108  	25295332,54600  	0,02195  	0,00779  	-Inf  	-Inf  	0,00406  	0,00398  	0,00395  	0,00392  	1327,62170  	0,00401  	0,00400  
67,08967  	127,33669  	1327,75450  	1327,82053  	25,87115  	0,04953  	-0,00412  	85706,53851  	-0,00329  	0,00338  	-0,03502  	-0,03696  	3030895,16539  	0,01371  	-0,96998  	25295332,54600  	48,58588  	0,00388  	-Inf  	-Inf  	0,00406  	0,00398  	0,00396  	0,00392  	1327,62170  	0,00400  	0,00400  
68,09169  	959,66933  	123,14662  	1327,82053  	25,86310  	0,04401  	-0,00404  	85706,53851  	-0,00359  	0,00347  	-0,03439  	-0,03634  	600489,13610  	743924,75963  	-1,05866  	25295332,54600  	0,02113  	0,04663  	-Inf  	-Inf  	0,00406  	0,00398  	0,00396  	0,00392  	1327,62170  	0,00398  	0,00400  
69,09196  	118,83476  	963,94591  	118,83477  	25,85556  	0,05048  	-0,00399  	85706,53851  	-0,00413  	0,00356  	-0,03394  	-0,03588  	8811,36986  	178,68986  	-1,21907  	25295332,54600  	48,29513  	0,19935  	-Inf  	-Inf  	0,00406  	0,00398  	0,00396  	0,00392  	1327,62170  	0,00400  	0,00400  
70,09359  	970,06368  	1327,75450  	970,06372  	25,84727  	0,05215  	-0,00414  	85706,53851  	-0,00395  	0,00362  	-0,03523  	-0,03718  	12136775,12446  	281164,70041  	-1,16663  	25295332,54600  	0,02102  	0,00755  	-Inf  	-Inf  	0,00406  	0,00398  	0,00395  	0,00392  	1327,62170  	0,00401  	0,00400  
71,09587  	110,78044  	1327,75450  	1327,82053  	25,83935  	0,04815  	-0,00418  	7148,45106  	-0,00338  	0,00343  	-0,03553  	-0,03747  	2571475,10941  	0,01331  	-0,99624  	2109785,90297  	43,81884  	0,00377  	-Inf  	-Inf  	0,00405  	0,00398  	0,00396  	0,00392  	110,73547  	0,00399  	0,00400  
72,09648  	973,87552  	1327,75450  	1327,82053  	25,83174  	0,04490  	-0,00427  	-15815,93170  	-0,00388  	0,00363  	-0,03628  	-0,03822  	30421644,99034  	45,86720  	-1,14408  	-4667896,50935  	0,02071  	0,00352  	-Inf  	-Inf  	0,00406  	0,00398  	0,00396  	0,00392  	-244,98909  	0,00398  	0,00400  
73,09753  	1327,82048  	104,82322  	1327,82053  	25,82526  	0,04881  	-0,00392  	-15815,93170  	-0,00365  	0,00341  	-0,03344  	-0,03538  	757788,31100  	7022045,47264  	-1,07589  	-4667896,50935  	0,00492  	0,05471  	-Inf  	-Inf  	0,00406  	0,00398  	0,00396  	0,00392  	-244,98909  	0,00400  	0,00400  
74,09721  	99,71049  	-244,98909  	99,71050  	25,81725  	0,04777  	-0,00395  	63456,70372  	-0,00289  	0,00376  	-0,03367  	-0,03561  	3,55890  	68,89191  	-0,85218  	18728541,02848  	44,41459  	18,64778  	NaN  	NaN  	0,00406  	0,00399  	0,00395  	0,00392  	982,96568  	0,00399  	0,00400  
75,09865  	-244,98909  	986,64724  	-244,98909  	25,81192  	0,05102  	-0,00399  	85706,53851  	-0,00358  	0,00392  	-0,03396  	-0,03590  	2038,72172  	2878,80506  	-1,05803  	25295332,54600  	0,66102  	1,20430  	-Inf  	-Inf  	0,00406  	0,00398  	0,00396  	0,00392  	1327,62170  	0,00400  	0,00401  
76,09990  	-244,98909  	95,35262  	987,46453  	25,80405  	0,05001  	-0,00433  	6153,53085  	-0,00381  	0,00317  	-0,03681  	-0,03875  	22804,67105  	2043,87471  	-1,12362  	1816146,25823  	0,53450  	0,19745  	-Inf  	-Inf  	0,00406  	0,00398  	0,00396  	0,00392  	95,32389  	0,00400  	0,00400  
77,10060  	-244,98909  	989,55031  	1327,82053  	25,79694  	0,05137  	-0,00409  	63875,05579  	-0,00291  	0,00366  	-0,03483  	-0,03677  	3709764,94015  	796,17079  	-0,85784  	18852012,99251  	0,61719  	0,00717  	-Inf  	-Inf  	0,00406  	0,00399  	0,00396  	0,00392  	989,44607  	0,00400  	0,00400  
78,10155  	-244,98909  	88,41370  	1327,82053  	25,79043  	0,04804  	-0,00410  	85706,53851  	-0,00313  	0,00343  	-0,03490  	-0,03684  	147052,56057  	2728,80260  	-0,92254  	25295332,54600  	0,57908  	0,05667  	-Inf  	-Inf  	0,00406  	0,00399  	0,00395  	0,00392  	1327,62170  	0,00399  	0,00400  
79,10143  	997,23194  	-244,98909  	85,59947  	25,78333  	0,04890  	-0,00397  	5523,05704  	-0,00384  	0,00351  	-0,03380  	-0,03574  	55,31359  	292583,38442  	-1,13187  	1630068,91847  	0,01798  	16,07771  	Inf  	-Inf  	0,00406  	0,00398  	0,00396  	0,00392  	85,55767  	0,00400  	0,00400  
80,10185  	1327,82048  	999,74579  	999,79805  	25,77769  	0,04693  	-0,00414  	64533,18589  	-0,00326  	0,00338  	-0,03522  	-0,03716  	6460296,99936  	288,44302  	-0,96303  	19046252,78101  	0,00487  	0,01231  	NaN  	NaN  	0,00406  	0,00398  	0,00396  	0,00392  	999,64069  	0,00399  	0,00400  
81,10592  	1327,82048  	81,64313  	1327,82053  	25,77136  	0,05017  	-0,00411  	85706,53851  	-0,00311  	0,00319  	-0,03493  	-0,03687  	637278,87732  	7351639,90623  	-0,91772  	25295332,54600  	0,00460  	0,06044  	-Inf  	-Inf  	0,00406  	0,00399  	0,00396  	0,00392  	1327,62170  	0,00400  	0,00400  
82,10662  	1327,82048  	1002,79192  	1327,82053  	25,76536  	0,05079  	-0,00428  	85706,53851  	-0,00350  	0,00337  	-0,03636  	-0,03830  	17066125,18235  	1941387,56630  	-1,03328  	25295332,54600  	0,00487  	0,00692  	-Inf  	-Inf  	0,00405  	0,00398  	0,00396  	0,00392  	1327,62170  	0,00400  	0,00400  
83,10599  	1327,82048  	1327,75450  	74,46825  	25,75913  	0,05050  	-0,00418  	85706,53851  	-0,00375  	0,00345  	-0,03551  	-0,03745  	665844,47361  	7442732,04252  	-1,10725  	25295332,54600  	0,00497  	0,06226  	NaN  	NaN  	0,00405  	0,00398  	0,00396  	0,00392  	1327,62170  	0,00400  	0,00400  
84,10647  	70,26500  	1327,75450  	-244,98909  	25,75268  	0,04786  	-0,00388  	85706,53851  	-0,00362  	0,00343  	-0,03307  	-0,03501  	4054,98880  	314,76724  	-1,06975  	25295332,54600  	32,13842  	0,18903  	NaN  	NaN  	0,00406  	0,00398  	0,00396  	0,00393  	1327,62170  	0,00399  	0,00400  
85,10723  	1013,51027  	69,30794  	-244,98909  	25,74785  	0,05098  	-0,00423  	4472,31550  	-0,00410  	0,00357  	-0,03593  	-0,03787  	76,01009  	322769,13365  	-1,20865  	1319954,22606  	0,01702  	13,84697  	NaN  	NaN  	0,00406  	0,00398  	0,00396  	0,00392  	69,28140  	0,00400  	0,00400  
86,10724  	1327,82048  	1014,90197  	1014,95487  	25,74129  	0,04623  	-0,00413  	-15815,93170  	-0,00333  	0,00391  	-0,03511  	-0,03705  	8219154,76541  	287,55130  	-0,98270  	-4667896,50935  	0,00563  	0,01136  	NaN  	NaN  	0,00406  	0,00398  	0,00395  	0,00392  	-244,98909  	0,00399  	0,00401  
87,10869  	64,91638  	1327,75450  	1327,82053  	25,73456  	0,04821  	-0,00435  	-15815,93170  	-0,00293  	0,00314  	-0,03699  	-0,03893  	1088029,36440  	0,01331  	-0,86355  	-4667896,50935  	28,16091  	0,00378  	-Inf  	-Inf  	0,00405  	0,00399  	0,00396  	0,00392  	-244,98909  	0,00399  	0,00400  
88,11066  	1018,85889  	63,95954  	63,97251  	25,73009  	0,04837  	-0,00408  	65763,53676  	-0,00373  	0,00345  	-0,03476  	-0,03670  	14,32497  	13,08536  	-1,09968  	19409377,16845  	0,01605  	580,84827  	NaN  	NaN  	0,00405  	0,00398  	0,00396  	0,00392  	1018,69916  	0,00400  	0,00400  
89,11047  	1327,82048  	-244,98909  	-244,98909  	25,72424  	0,04182  	-0,00401  	85706,53851  	-0,00349  	0,00338  	-0,03414  	-0,03608  	6966,29459  	0,00000  	-1,03031  	25295332,54600  	0,00487  	0,80922  	Inf  	-Inf  	0,00406  	0,00398  	0,00396  	0,00392  	1327,62170  	0,00397  	0,00400  
90,11154  	59,71923  	1023,05896  	-244,98909  	25,71780  	0,04975  	-0,00414  	3852,52771  	-0,00352  	0,00325  	-0,03524  	-0,03718  	299,23762  	263,83605  	-1,03925  	1137030,74779  	27,84112  	0,92981  	NaN  	NaN  	0,00406  	0,00398  	0,00396  	0,00392  	59,68072  	0,00400  	0,00400  
91,11125  	1027,77391  	1327,75450  	-244,98909  	25,71310  	0,04888  	-0,00423  	-15815,93170  	-0,00377  	0,00336  	-0,03595  	-0,03789  	89436,02362  	1698152,90518  	-1,11366  	-4667896,50935  	0,01504  	0,19306  	NaN  	NaN  	0,00405  	0,00398  	0,00396  	0,00392  	-244,98909  	0,00400  	0,00400  
92,11170  	52,15306  	1327,75450  	1030,67837  	25,70692  	0,05281  	-0,00445  	66526,46367  	-0,00277  	0,00330  	-0,03780  	-0,03974  	365467,05474  	65,61601  	-0,81862  	19634546,56893  	26,36373  	0,00684  	-Inf  	-Inf  	0,00405  	0,00399  	0,00396  	0,00391  	1030,51710  	0,00401  	0,00400  
93,11560  	-244,98909  	1327,75450  	1327,82053  	25,70170  	0,04980  	-0,00435  	3261,43462  	-0,00302  	0,00372  	-0,03698  	-0,03892  	8906740,38974  	0,15093  	-0,89124  	962576,19087  	0,62777  	0,00390  	-Inf  	-Inf  	0,00406  	0,00399  	0,00396  	0,00392  	50,52453  	0,00400  	0,00400  
94,11657  	1033,35035  	49,46869  	1327,82053  	25,69656  	0,05382  	-0,00421  	-15815,93170  	-0,00329  	0,00370  	-0,03580  	-0,03774  	491434,83777  	1574783,61914  	-0,97027  	-4667896,50935  	0,01618  	0,07185  	-Inf  	-Inf  	0,00406  	0,00398  	0,00396  	0,00392  	-244,98909  	0,00401  	0,00400  
95,11713  	1327,82048  	-244,98909  	1327,82053  	25,69301  	0,04513  	-0,00430  	67001,30172  	-0,00344  	0,00340  	-0,03655  	-0,03849  	117648,12333  	8344474,77524  	-1,01547  	19774689,74497  	0,00490  	0,17820  	NaN  	NaN  	0,00405  	0,00398  	0,00396  	0,00392  	1037,87247  	0,00398  	0,00400  
96,11863  	1327,82048  	-244,98909  	1327,82053  	25,68714  	0,04692  	-0,00411  	85706,53851  	-0,00326  	0,00380  	-0,03495  	-0,03689  	131536,56013  	8674324,57382  	-0,96241  	25295332,54600  	0,00548  	0,18525  	NaN  	NaN  	0,00406  	0,00398  	0,00396  	0,00392  	1327,62170  	0,00399  	0,00401  
97,11920  	1327,82048  	1045,97520  	1327,82053  	25,68299  	0,04789  	-0,00406  	85706,53851  	-0,00325  	0,00326  	-0,03451  	-0,03645  	18533254,47212  	1586642,19396  	-0,96040  	25295332,54600  	0,00471  	0,00603  	-Inf  	-Inf  	0,00405  	0,00398  	0,00396  	0,00392  	1327,62170  	0,00399  	0,00400  
98,11894  	34,78199  	1327,75450  	1327,82053  	25,67794  	0,05080  	-0,00397  	2242,86665  	-0,00394  	0,00356  	-0,03379  	-0,03574  	286698,57334  	0,01403  	-1,16273  	661957,17169  	23,86879  	0,00398  	-Inf  	-Inf  	0,00406  	0,00398  	0,00396  	0,00392  	34,74663  	0,00400  	0,00400  
99,12041  	-244,98909  	31,23993  	1327,82053  	25,67269  	0,05052  	-0,00420  	67875,62656  	-0,00295  	0,00341  	-0,03570  	-0,03764  	111338,20823  	3007,60719  	-0,87192  	20032737,00477  	0,57418  	0,07155  	-Inf  	-Inf  	0,00406  	0,00399  	0,00396  	0,00392  	1051,41600  	0,00400  	0,00400  
100,11998  	-244,98909  	-244,98909  	30,03258  	25,66827  	0,04921  	-0,00423  	85706,53851  	-0,00292  	0,00367  	-0,03596  	-0,03790  	42,35330  	621,51511  	-0,86323  	25295332,54600  	0,61856  	8,68134  	NaN  	NaN  	0,00406  	0,00399  	0,00396  	0,00392  	1327,62170  	0,00400  	0,00400  
101,12001  	1055,20435  	1055,14980  	-244,98909  	25,66453  	0,04960  	-0,00421  	85706,53851  	-0,00295  	0,00355  	-0,03580  	-0,03775  	13180,97287  	1694396,21212  	-0,87190  	25295332,54600  	0,01415  	0,76271  	NaN  	NaN  	0,00406  	0,00399  	0,00396  	0,00392  	1327,62170  	0,00400  	0,00400  
102,12140  	1327,82048  	25,83736  	1056,98272  	25,65907  	0,04757  	-0,00417  	1666,23767  	-0,00355  	0,00361  	-0,03545  	-0,03739  	124964,08144  	5765609,96104  	-1,04907  	491771,53399  	0,00521  	0,18784  	NaN  	NaN  	0,00406  	0,00398  	0,00396  	0,00392  	25,81449  	0,00399  	0,00400  
103,12151  	1327,82048  	1058,29403  	1327,82053  	25,65415  	0,04181  	-0,00418  	68312,54471  	-0,00291  	0,00315  	-0,03552  	-0,03746  	18494046,26249  	1324588,66686  	-0,85912  	20161688,54351  	0,00455  	0,00515  	-Inf  	-Inf  	0,00405  	0,00399  	0,00396  	0,00392  	1058,18399  	0,00397  	0,00400  
104,12150  	1327,82048  	22,42446  	22,43568  	25,64981  	0,05123  	-0,00446  	85706,53851  	-0,00353  	0,00357  	-0,03788  	-0,03981  	19,43289  	67,60167  	-1,04084  	25295332,54600  	0,00515  	287,09052  	Inf  	-Inf  	0,00405  	0,00398  	0,00396  	0,00391  	1327,62170  	0,00400  	0,00400  
105,12119  	19,87204  	1062,90448  	-244,98909  	25,64567  	0,04497  	-0,00417  	85706,53851  	-0,00378  	0,00345  	-0,03549  	-0,03744  	76,67232  	246,03562  	-1,11472  	25295332,54600  	19,47001  	0,66052  	NaN  	NaN  	0,00406  	0,00398  	0,00396  	0,00392  	1327,62170  	0,00398  	0,00400  
106,12336  	-244,98909  	18,65546  	-244,98909  	25,64131  	0,04869  	-0,00435  	85706,53851  	-0,00410  	0,00347  	-0,03697  	-0,03891  	48,52977  	589,77580  	-1,20874  	25295332,54600  	0,58471  	7,63487  	Inf  	-Inf  	0,00406  	0,00398  	0,00396  	0,00392  	1327,62170  	0,00400  	0,00400  
107,12385  	-244,98909  	1065,68288  	1065,73791  	25,63781  	0,05072  	-0,00438  	85706,53851  	-0,00277  	0,00357  	-0,03722  	-0,03916  	2132854,04819  	0,12825  	-0,81845  	25295332,54600  	0,60223  	0,01012  	-Inf  	-Inf  	0,00406  	0,00399  	0,00395  	0,00392  	1327,62170  	0,00400  	0,00400  
108,12526  	1069,82811  	1327,75450  	1327,82053  	25,63331  	0,04846  	-0,00433  	85706,53851  	-0,00514  	0,00333  	-0,03676  	-0,03870  	30701792,93859  	92,03507  	-1,51708  	25295332,54600  	0,01246  	0,00380  	-Inf  	-Inf  	0,00405  	0,00398  	0,00396  	0,00392  	1327,62170  	0,00400  	0,00400  
109,12645  	1327,82048  	1327,75450  	11,44385  	25,63029  	0,04978  	-0,00409  	85706,53851  	-0,00046  	0,00352  	-0,03478  	-0,03672  	502713,01692  	7700313,98119  	-0,13498  	25295332,54600  	0,00508  	0,07529  	NaN  	NaN  	0,00406  	0,00400  	0,00396  	0,00392  	1327,62170  	0,00400  	0,00400  
110,12551  	1327,82048  	1327,75450  	1075,69315  	25,62562  	0,05006  	-0,00426  	85706,53851  	0,00933  	0,00302  	-0,03624  	-0,03818  	18550212,04495  	1482705,17089  	2,75278  	25295332,54600  	0,00436  	0,00598  	NaN  	NaN  	0,00405  	0,00404  	0,00396  	0,00392  	1327,62170  	0,00400  	0,00400  
111,12693  	4,98764  	1327,75450  	1327,82053  	25,62176  	0,05045  	-0,00427  	319,68681  	0,00883  	0,00379  	-0,03630  	-0,03824  	690675,70107  	0,01394  	2,60534  	94352,01105  	17,73704  	0,00395  	-Inf  	-Inf  	0,00406  	0,00404  	0,00396  	0,00392  	4,95605  	0,00400  	0,00401  
112,12829  	1079,43242  	3,38855  	3,39898  	25,61680  	0,04855  	-0,00415  	69673,46625  	0,00897  	0,00316  	-0,03531  	-0,03725  	13,98165  	15,44241  	2,64744  	20563349,41456  	0,01138  	163,61035  	Inf  	-Inf  	0,00405  	0,00404  	0,00396  	0,00392  	1079,26503  	0,00400  	0,00400  
113,12977  	2,70487  	-244,98909  	-244,98909  	25,61439  	0,04848  	-0,00423  	85706,53851  	0,01007  	0,00323  	-0,03598  	-0,03793  	117,36346  	0,00000  	2,97351  	25295332,54600  	14,68834  	0,93812  	Inf  	-Inf  	0,00405  	0,00405  	0,00396  	0,00392  	1327,62170  	0,00400  	0,00400  
114,13065  	1084,32719  	1084,27142  	1084,32723  	25,61063  	0,05103  	-0,00403  	85706,53851  	0,00876  	0,00362  	-0,03428  	-0,03622  	9424600,31189  	89,47381  	2,58544  	25295332,54600  	0,01276  	0,00945  	-Inf  	-Inf  	0,00406  	0,00404  	0,00395  	0,00392  	1327,62170  	0,00400  	0,00400  
115,13442  	-5,02114  	-5,03120  	-5,02113  	25,60558  	0,05280  	-0,00399  	85706,53851  	0,00863  	0,00328  	-0,03396  	-0,03591  	0,42519  	0,00223  	2,54726  	25295332,54600  	13,42588  	138,96719  	NaN  	NaN  	0,00406  	0,00404  	0,00395  	0,00392  	1327,62170  	0,00401  	0,00400  
116,13706  	1092,88972  	-244,98909  	1092,88976  	25,60171  	0,04820  	-0,00409  	85706,53851  	0,00827  	0,00339  	-0,03479  	-0,03673  	17940,54995  	2133219,18410  	2,44119  	25295332,54600  	0,01154  	0,59596  	NaN  	NaN  	0,00406  	0,00404  	0,00396  	0,00392  	1327,62170  	0,00399  	0,00400  
117,13821  	1327,82048  	1095,24289  	1327,82053  	25,59915  	0,05192  	-0,00409  	85706,53851  	0,00811  	0,00373  	-0,03477  	-0,03671  	24093872,04087  	1418800,52080  	2,39403  	25295332,54600  	0,00538  	0,00600  	-Inf  	-Inf  	0,00406  	0,00404  	0,00396  	0,00392  	1327,62170  	0,00401  	0,00400  
118,13951  	1327,82048  	-19,50501  	1327,82053  	25,59610  	0,04585  	-0,00420  	85706,53851  	0,00875  	0,00359  	-0,03574  	-0,03768  	439654,57127  	7258219,74046  	2,58270  	25295332,54600  	0,00518  	0,07695  	NaN  	NaN  	0,00406  	0,00404  	0,00396  	0,00392  	1327,62170  	0,00399  	0,00400  
119,14123  	1327,82048  	-244,98909  	1327,82053  	25,59239  	0,05278  	-0,00415  	85706,53851  	0,00850  	0,00359  	-0,03526  	-0,03720  	124467,39587  	9753980,21258  	2,50906  	25295332,54600  	0,00519  	0,20840  	NaN  	NaN  	0,00406  	0,00404  	0,00395  	0,00392  	1327,62170  	0,00401  	0,00400  
120,14196  	-26,70884  	-244,98909  	1327,82053  	25,58820  	0,04893  	-0,00399  	-1726,27283  	0,00995  	0,00346  	-0,03399  	-0,03593  	4808,57857  	323,92660  	2,93589  	-509490,24364  	10,38383  	0,19319  	NaN  	NaN  	0,00406  	0,00405  	0,00395  	0,00392  	-26,73643  	0,00400  	0,00400  
121,14321  	1114,81947  	1114,76242  	-31,98807  	25,58543  	0,05056  	-0,00403  	-15815,93170  	0,00750  	0,00336  	-0,03433  	-0,03627  	97367,84900  	2184903,36606  	2,21240  	-4667896,50935  	0,01048  	0,19968  	NaN  	NaN  	0,00406  	0,00403  	0,00396  	0,00392  	-244,98909  	0,00400  	0,00400  
122,14532  	1327,82048  	1327,75450  	-244,98909  	25,58140  	0,05029  	-0,00427  	72034,98108  	0,00806  	0,00327  	-0,03625  	-0,03819  	113342,95439  	9292073,09972  	2,37873  	21260324,27761  	0,00472  	0,19860  	NaN  	NaN  	0,00406  	0,00404  	0,00396  	0,00392  	1115,84554  	0,00400  	0,00400  
123,14688  	1327,82048  	1327,75450  	1119,30411  	25,57892  	0,05047  	-0,00426  	-2356,51330  	0,00686  	0,00333  	-0,03617  	-0,03811  	22922836,49282  	1236045,68588  	2,02560  	-695498,71792  	0,00481  	0,00559  	NaN  	NaN  	0,00406  	0,00403  	0,00396  	0,00392  	-36,49902  	0,00400  	0,00400  
124,14831  	-42,29934  	1327,75450  	-42,29934  	25,57492  	0,05275  	-0,00415  	72623,22317  	0,00653  	0,00364  	-0,03528  	-0,03722  	20688,26139  	307,71662  	1,92695  	21433937,39301  	8,68051  	0,09580  	-Inf  	-Inf  	0,00406  	0,00403  	0,00395  	0,00392  	1124,95757  	0,00401  	0,00400  
125,15007  	-244,98909  	1327,75450  	1128,03884  	25,57162  	0,04805  	-0,00409  	85706,53851  	0,00341  	0,00357  	-0,03481  	-0,03675  	5213964,32708  	441,36084  	1,00647  	25295332,54600  	0,60053  	0,00524  	-Inf  	-Inf  	0,00406  	0,00402  	0,00395  	0,00392  	1327,62170  	0,00399  	0,00400  
126,15329  	1131,49414  	1327,75450  	1327,82053  	25,56860  	0,04871  	-0,00423  	85706,53851  	-0,00222  	0,00351  	-0,03595  	-0,03789  	34316167,23483  	133,58772  	-0,65504  	25295332,54600  	0,01025  	0,00382  	-Inf  	-Inf  	0,00405  	0,00399  	0,00395  	0,00392  	1327,62170  	0,00400  	0,00400  
127,15471  	1327,82048  	1327,75450  	-52,31050  	25,56587  	0,04878  	-0,00431  	85706,53851  	-0,00179  	0,00321  	-0,03661  	-0,03855  	331909,40343  	7909136,57283  	-0,52698  	25295332,54600  	0,00463  	0,09175  	NaN  	NaN  	0,00406  	0,00399  	0,00396  	0,00392  	1327,62170  	0,00400  	0,00400  
128,15690  	1327,82048  	1327,75450  	-244,98909  	25,56318  	0,04702  	-0,00413  	-3717,39898  	-0,00070  	0,00369  	-0,03510  	-0,03704  	127645,23564  	8688223,26107  	-0,20624  	-1097149,00534  	0,00532  	0,18571  	NaN  	NaN  	0,00406  	0,00400  	0,00396  	0,00392  	-57,57951  	0,00399  	0,00400  
129,15845  	-63,87387  	1327,75450  	1146,70531  	25,55910  	0,04802  	-0,00424  	74015,82623  	0,00017  	0,00357  	-0,03605  	-0,03799  	1811479,95048  	38,44540  	0,05116  	21844948,71236  	6,15155  	0,00507  	-Inf  	-Inf  	0,00406  	0,00400  	0,00396  	0,00392  	1146,52937  	0,00399  	0,00400  
130,15861  	1148,73509  	-65,91121  	1327,82053  	25,55749  	0,05168  	-0,00414  	85706,53851  	0,00068  	0,00344  	-0,03521  	-0,03715  	285707,91912  	3302068,94595  	0,19937  	25295332,54600  	0,00938  	0,10197  	NaN  	NaN  	0,00406  	0,00400  	0,00396  	0,00392  	1327,62170  	0,00401  	0,00400  
131,15836  	1327,82048  	1151,99389  	-69,22110  	25,55385  	0,05276  	-0,00429  	85706,53851  	0,00008  	0,00315  	-0,03646  	-0,03840  	109170,98884  	7568632,43488  	0,02264  	25295332,54600  	0,00455  	0,20835  	NaN  	NaN  	0,00405  	0,00400  	0,00395  	0,00392  	1327,62170  	0,00401  	0,00400  
132,16015  	1327,82048  	1327,75450  	-244,98909  	25,55003  	0,04492  	-0,00400  	85706,53851  	0,00048  	0,00338  	-0,03402  	-0,03597  	117112,58139  	8300001,89260  	0,14310  	25295332,54600  	0,00488  	0,17743  	NaN  	NaN  	0,00406  	0,00400  	0,00396  	0,00392  	1327,62170  	0,00398  	0,00400  
133,16212  	-74,59877  	1327,75450  	-244,98909  	25,54836  	0,04848  	-0,00404  	-4817,49499  	0,00030  	0,00361  	-0,03443  	-0,03637  	9599,77749  	348,67449  	0,08748  	-1421830,11958  	5,28410  	0,19145  	NaN  	NaN  	0,00406  	0,00400  	0,00396  	0,00392  	-74,62030  	0,00400  	0,00400  
134,16293  	1159,66438  	1327,75450  	-244,98909  	25,54553  	0,04650  	-0,00430  	-15815,93170  	0,00052  	0,00349  	-0,03652  	-0,03846  	105348,40809  	3566300,06809  	0,15362  	-4667896,50935  	0,00915  	0,18364  	NaN  	NaN  	0,00406  	0,00400  	0,00396  	0,00392  	-244,98909  	0,00399  	0,00400  
135,16418  	-79,71080  	1327,75450  	-244,98909  	25,54309  	0,05028  	-0,00411  	-15815,93170  	0,00038  	0,00371  	-0,03499  	-0,03693  	10382,07510  	369,16176  	0,11346  	-4667896,50935  	5,03886  	0,19857  	NaN  	NaN  	0,00406  	0,00400  	0,00396  	0,00392  	-244,98909  	0,00400  	0,00400  
136,16524  	1168,05498  	-85,23029  	-244,98909  	25,53874  	0,04890  	-0,00415  	75393,91806  	-0,00088  	0,00316  	-0,03532  	-0,03726  	896,23351  	399284,94773  	-0,25834  	22251677,20504  	0,00800  	2,96179  	Inf  	-Inf  	0,00405  	0,00400  	0,00396  	0,00392  	1167,87639  	0,00400  	0,00400  
137,16724  	-86,95409  	1169,72613  	-244,98909  	25,53643  	0,05187  	-0,00409  	85706,53851  	-0,00006  	0,00357  	-0,03483  	-0,03678  	3642,26327  	354,74250  	-0,01667  	25295332,54600  	4,35944  	0,42552  	NaN  	NaN  	0,00406  	0,00400  	0,00396  	0,00392  	1327,62170  	0,00401  	0,00400  
138,16822  	1173,20530  	1327,75450  	1173,20535  	25,53423  	0,05057  	-0,00420  	-5835,75666  	-0,00138  	0,00346  	-0,03569  	-0,03763  	24086882,54962  	411098,80934  	-0,40717  	-1722358,73780  	0,00861  	0,00511  	-Inf  	-Inf  	0,00406  	0,00399  	0,00396  	0,00392  	-90,39345  	0,00400  	0,00400  
139,16972  	1327,82048  	1327,75450  	-96,12492  	25,53059  	0,05308  	-0,00413  	76097,58266  	-0,00142  	0,00366  	-0,03513  	-0,03707  	300151,25269  	8877430,13773  	-0,41774  	22459355,99404  	0,00528  	0,11681  	NaN  	NaN  	0,00406  	0,00399  	0,00396  	0,00392  	1178,77635  	0,00401  	0,00400  
140,16979  	-99,83567  	1327,75450  	-244,98909  	25,52795  	0,05211  	-0,00434  	85706,53851  	-0,00091  	0,00349  	-0,03684  	-0,03878  	11642,37302  	429,61518  	-0,26975  	25295332,54600  	3,53295  	0,20580  	NaN  	NaN  	0,00406  	0,00400  	0,00396  	0,00392  	1327,62170  	0,00401  	0,00400  
141,17180  	1185,58160  	1327,75450  	1185,58165  	25,52614  	0,05259  	-0,00412  	85706,53851  	-0,00125  	0,00347  	-0,03504  	-0,03698  	25167951,42283  	421109,65348  	-0,36932  	25295332,54600  	0,00824  	0,00520  	-Inf  	-Inf  	0,00406  	0,00399  	0,00396  	0,00392  	1327,62170  	0,00401  	0,00400  
142,17409  	1327,82048  	1327,75450  	1327,82053  	25,52426  	0,05281  	-0,00415  	-6682,56273  	-0,00198  	0,00353  	-0,03533  	-0,03727  	40642071,11327  	409,64212  	-0,58567  	-1972284,13931  	0,00510  	0,00414  	-Inf  	-Inf  	0,00406  	0,00399  	0,00395  	0,00392  	-103,51071  	0,00401  	0,00400  
143,17413  	1327,82048  	1327,75450  	-105,93543  	25,52093  	0,05060  	-0,00419  	76730,83624  	-0,00257  	0,00340  	-0,03559  	-0,03753  	264566,68281  	8520990,24050  	-0,75974  	22646253,75258  	0,00491  	0,11544  	NaN  	NaN  	0,00406  	0,00399  	0,00396  	0,00392  	1188,58562  	0,00400  	0,00400  
144,17543  	1327,82048  	1327,75450  	1196,33365  	25,51802  	0,05097  	-0,00408  	85706,53851  	-0,00212  	0,00363  	-0,03475  	-0,03669  	30350311,90471  	786751,95457  	-0,62609  	25295332,54600  	0,00524  	0,00495  	NaN  	NaN  	0,00406  	0,00399  	0,00396  	0,00392  	1327,62170  	0,00400  	0,00400  
145,17777  	-114,73441  	-114,73987  	-114,73440  	25,51504  	0,04917  	-0,00396  	85706,53851  	-0,00190  	0,00360  	-0,03373  	-0,03567  	27,50272  	0,00160  	-0,55980  	25295332,54600  	2,94592  	7,46705  	NaN  	NaN  	0,00406  	0,00399  	0,00396  	0,00392  	1327,62170  	0,00400  	0,00400  
146,17923  	-244,98909  	1198,70726  	-244,98909  	25,51320  	0,04893  	-0,00400  	85706,53851  	-0,00168  	0,00343  	-0,03406  	-0,03600  	10392,08150  	3252,32275  	-0,49620  	25295332,54600  	0,57685  	0,34744  	-Inf  	-Inf  	0,00406  	0,00399  	0,00396  	0,00392  	1327,62170  	0,00400  	0,00400  
147,18092  	1202,94950  	-120,12335  	-244,98909  	25,51088  	0,05068  	-0,00416  	85706,53851  	-0,00127  	0,00330  	-0,03540  	-0,03734  	1522,67383  	391791,15072  	-0,37555  	25295332,54600  	0,00735  	2,32626  	Inf  	-Inf  	0,00406  	0,00399  	0,00395  	0,00392  	1327,62170  	0,00400  	0,00400  
148,18073  	1327,82048  	1208,17451  	1208,23553  	25,50865  	0,04898  	-0,00425  	85706,53851  	-0,00227  	0,00341  	-0,03610  	-0,03804  	21659537,92665  	351,01432  	-0,67080  	25295332,54600  	0,00492  	0,00572  	NaN  	NaN  	0,00406  	0,00399  	0,00396  	0,00392  	1327,62170  	0,00400  	0,00400  
149,18083  	-129,88245  	-129,88728  	-129,88245  	25,50542  	0,05000  	-0,00431  	-8385,97287  	-0,00182  	0,00339  	-0,03663  	-0,03857  	46,85296  	0,00170  	-0,53581  	-2475026,71645  	2,25001  	5,64060  	NaN  	NaN  	0,00406  	0,00399  	0,00396  	0,00392  	-129,89700  	0,00400  	0,00400  
150,18190  	1214,26363  	1214,20241  	-244,98909  	25,50386  	0,04960  	-0,00407  	78376,61616  	-0,00173  	0,00353  	-0,03463  	-0,03657  	52465,93885  	4762074,77107  	-0,51034  	23131987,40820  	0,00753  	0,32668  	NaN  	NaN  	0,00406  	0,00399  	0,00396  	0,00392  	1214,07920  	0,00400  	0,00400  
151,18298  	1327,82048  	-132,74010  	1215,56683  	25,50141  	0,04743  	-0,00413  	85706,53851  	-0,00197  	0,00335  	-0,03515  	-0,03710  	116110,96593  	7509848,62753  	-0,58238  	25295332,54600  	0,00484  	0,18725  	Inf  	-Inf  	0,00406  	0,00399  	0,00396  	0,00392  	1327,62170  	0,00399  	0,00400  
152,18395  	1327,82048  	-244,98909  	1327,82053  	25,49903  	0,04372  	-0,00424  	85706,53851  	-0,00257  	0,00338  	-0,03606  	-0,03800  	117014,09708  	8074828,55907  	-0,75848  	25295332,54600  	0,00488  	0,17260  	NaN  	NaN  	0,00406  	0,00399  	0,00396  	0,00392  	1327,62170  	0,00398  	0,00400  
153,18496  	1327,82048  	1221,64924  	1327,82053  	25,49652  	0,05019  	-0,00411  	85706,53851  	-0,00202  	0,00365  	-0,03493  	-0,03687  	32521470,68307  	625841,56164  	-0,59739  	25295332,54600  	0,00527  	0,00467  	-Inf  	-Inf  	0,00406  	0,00399  	0,00395  	0,00392  	1327,62170  	0,00400  	0,00400  
154,18635  	1327,82048  	1327,75450  	1327,82053  	25,49384  	0,05100  	-0,00409  	85706,53851  	-0,00156  	0,00364  	-0,03477  	-0,03671  	41928703,61602  	395,47974  	-0,46062  	25295332,54600  	0,00526  	0,00400  	-Inf  	-Inf  	0,00406  	0,00399  	0,00396  	0,00392  	1327,62170  	0,00400  	0,00400  
155,18648  	-144,21626  	1327,75450  	-144,21626  	25,49322  	0,04521  	-0,00405  	-9311,19858  	-0,00213  	0,00347  	-0,03449  	-0,03643  	28431,37470  	564,57363  	-0,62770  	-2748096,80340  	1,89976  	0,11908  	-Inf  	-Inf  	0,00406  	0,00399  	0,00396  	0,00392  	-144,22900  	0,00398  	0,00400  
156,18628  	1231,21133  	1327,75450  	1231,21138  	25,49127  	0,04462  	-0,00408  	79470,56445  	-0,00184  	0,00349  	-0,03473  	-0,03667  	29467832,04939  	310157,05751  	-0,54333  	23454854,09062  	0,00702  	0,00409  	-Inf  	-Inf  	0,00406  	0,00399  	0,00396  	0,00392  	1231,02476  	0,00398  	0,00400  
157,18634  	-149,02851  	-149,03254  	1327,82053  	25,48730  	0,04403  	-0,00413  	-9621,82220  	-0,00141  	0,00318  	-0,03511  	-0,03705  	26072,83806  	591,36587  	-0,41601  	-2839773,91245  	1,63395  	0,11812  	NaN  	NaN  	0,00405  	0,00399  	0,00396  	0,00392  	-149,04064  	0,00398  	0,00400  
158,18613  	1232,80378  	1232,74178  	1327,82053  	25,48586  	0,04755  	-0,00405  	-15815,93170  	-0,00222  	0,00347  	-0,03445  	-0,03639  	29455687,94087  	328238,50022  	-0,65459  	-4667896,50935  	0,00694  	0,00435  	-Inf  	-Inf  	0,00406  	0,00399  	0,00396  	0,00392  	-244,98909  	0,00399  	0,00400  
159,18725  	1327,82048  	-150,99542  	1327,82053  	25,48475  	0,05170  	-0,00433  	-15815,93170  	-0,00235  	0,00335  	-0,03679  	-0,03873  	202705,57603  	8978699,28766  	-0,69284  	-4667896,50935  	0,00483  	0,13974  	NaN  	NaN  	0,00406  	0,00399  	0,00396  	0,00392  	-244,98909  	0,00401  	0,00400  
160,18805  	-153,19209  	1235,96135  	1327,82053  	25,48201  	0,04591  	-0,00390  	-15815,93170  	-0,00120  	0,00350  	-0,03322  	-0,03516  	4431718,57623  	40,80883  	-0,35455  	-4667896,50935  	1,70602  	0,00417  	-Inf  	-Inf  	0,00406  	0,00399  	0,00396  	0,00393  	-244,98909  	0,00399  	0,00400  
161,19264  	-244,98909  	-155,43226  	-155,42850  	25,48051  	0,04812  	-0,00458  	79925,53871  	-0,00167  	0,00368  	-0,03883  	-0,04077  	189,48437  	0,00834  	-0,49216  	23589134,68770  	0,61931  	3,42778  	NaN  	NaN  	0,00406  	0,00399  	0,00395  	0,00391  	1238,07243  	0,00399  	0,00400  
162,19553  	-244,98909  	1241,12963  	-244,98909  	25,47790  	0,05095  	-0,00411  	85706,53851  	-0,00173  	0,00324  	-0,03497  	-0,03691  	13211,52348  	3488,34750  	-0,50938  	25295332,54600  	0,54427  	0,29548  	-Inf  	-Inf  	0,00406  	0,00399  	0,00396  	0,00392  	1327,62170  	0,00400  	0,00400  
163,19637  	-244,98909  	1327,75450  	-244,98909  	25,47581  	0,05100  	-0,00407  	85706,53851  	-0,00190  	0,00356  	-0,03465  	-0,03660  	25582,77777  	3695,01858  	-0,56096  	25295332,54600  	0,59849  	0,20140  	-Inf  	-Inf  	0,00406  	0,00399  	0,00396  	0,00392  	1327,62170  	0,00400  	0,00400  
164,19755  	1252,49135  	1327,75450  	-244,98909  	25,47375  	0,04575  	-0,00417  	-10953,55037  	-0,00149  	0,00353  	-0,03549  	-0,03743  	115289,56400  	5790032,01341  	-0,43913  	-3232818,68590  	0,00659  	0,18069  	NaN  	NaN  	0,00406  	0,00399  	0,00396  	0,00392  	-169,66947  	0,00399  	0,00400  
165,19848  	1327,82048  	1327,75450  	1257,07240  	25,47109  	0,04876  	-0,00418  	-15815,93170  	-0,00221  	0,00349  	-0,03551  	-0,03745  	33903046,01264  	404675,93075  	-0,65182  	-4667896,50935  	0,00504  	0,00428  	NaN  	NaN  	0,00406  	0,00399  	0,00396  	0,00392  	-244,98909  	0,00400  	0,00400  
166,19884  	1327,82048  	1327,75450  	1327,82053  	25,47052  	0,05081  	-0,00415  	81266,07097  	-0,00243  	0,00342  	-0,03526  	-0,03720  	39333620,35905  	393,95843  	-0,71677  	23984777,88989  	0,00493  	0,00398  	-Inf  	-Inf  	0,00406  	0,00399  	0,00396  	0,00392  	1258,83765  	0,00400  	0,00400  
167,20062  	1327,82048  	-179,64137  	-179,63863  	25,46793  	0,04890  	-0,00391  	-11597,65887  	-0,00186  	0,00325  	-0,03328  	-0,03522  	1539,77212  	15,75357  	-0,55028  	-3422920,15227  	0,00469  	2,34804  	Inf  	-Inf  	0,00406  	0,00399  	0,00396  	0,00393  	-179,64689  	0,00400  	0,00400  
168,20064  	1327,82048  	1265,58575  	1265,64918  	25,46585  	0,04772  	-0,00409  	-15815,93170  	-0,00131  	0,00348  	-0,03478  	-0,03672  	29589382,18776  	355,38812  	-0,38690  	-4667896,50935  	0,00502  	0,00458  	NaN  	NaN  	0,00406  	0,00399  	0,00396  	0,00392  	-244,98909  	0,00399  	0,00400  
169,20145  	1327,82048  	1327,75450  	1327,82053  	25,46380  	0,04914  	-0,00433  	81950,20711  	-0,00138  	0,00338  	-0,03676  	-0,03870  	38855034,66031  	381,06201  	-0,40583  	24186693,07095  	0,00487  	0,00385  	-Inf  	-Inf  	0,00406  	0,00399  	0,00396  	0,00392  	1269,43510  	0,00400  	0,00400  
170,20157  	1327,82048  	1327,75450  	-188,05338  	25,46144  	0,04741  	-0,00427  	85706,53851  	-0,00157  	0,00344  	-0,03633  	-0,03827  	168358,62588  	8439161,95692  	-0,46435  	25295332,54600  	0,00497  	0,14821  	NaN  	NaN  	0,00406  	0,00399  	0,00396  	0,00392  	1327,62170  	0,00399  	0,00400  
171,20650  	-189,37836  	1327,75450  	1272,20980  	25,46029  	0,04932  	-0,00394  	85706,53851  	-0,00166  	0,00368  	-0,03359  	-0,03553  	6114901,81693  	48,09826  	-0,49082  	25295332,54600  	1,14606  	0,00423  	-Inf  	-Inf  	0,00406  	0,00399  	0,00396  	0,00392  	1327,62170  	0,00400  	0,00400  
172,20602  	1275,46664  	-192,63745  	-192,63525  	25,46010  	0,05058  	-0,00434  	-12436,57102  	-0,00222  	0,00351  	-0,03689  	-0,03883  	2202,90642  	10,06538  	-0,65452  	-3670515,75347  	0,00604  	1,99413  	Inf  	-Inf  	0,00406  	0,00399  	0,00396  	0,00392  	-192,64187  	0,00400  	0,00400  
173,20612  	1327,82048  	1281,87626  	1281,94037  	25,45749  	0,05138  	-0,00425  	-15815,93170  	-0,00206  	0,00360  	-0,03616  	-0,03810  	33184489,84484  	386,79244  	-0,60857  	-4667896,50935  	0,00519  	0,00467  	NaN  	NaN  	0,00406  	0,00399  	0,00396  	0,00392  	-244,98909  	0,00400  	0,00400  
174,20847  	1327,82048  	1327,75450  	1327,82053  	25,45558  	0,04986  	-0,00380  	82925,37906  	-0,00183  	0,00371  	-0,03238  	-0,03432  	42644929,29018  	386,60485  	-0,54039  	24474504,23554  	0,00535  	0,00391  	-Inf  	-Inf  	0,00406  	0,00399  	0,00396  	0,00393  	1284,54078  	0,00400  	0,00400  
175,20898  	1327,82048  	1327,75450  	1327,82053  	25,45322  	0,04835  	-0,00419  	85706,53851  	-0,00108  	0,00354  	-0,03564  	-0,03758  	40702062,99306  	374,87129  	-0,31795  	25295332,54600  	0,00511  	0,00379  	-Inf  	-Inf  	0,00406  	0,00399  	0,00396  	0,00392  	1327,62170  	0,00399  	0,00400  
176,21174  	-205,15127  	-205,15294  	-205,15127  	25,45224  	0,04736  	-0,00421  	85706,53851  	-0,00180  	0,00357  	-0,03578  	-0,03772  	555,70141  	0,00183  	-0,53134  	25295332,54600  	0,92644  	1,55695  	NaN  	NaN  	0,00406  	0,00399  	0,00396  	0,00392  	1327,62170  	0,00399  	0,00400  
177,21213  	1293,58117  	1293,51662  	1293,58122  	25,44975  	0,04520  	-0,00411  	85706,53851  	-0,00196  	0,00333  	-0,03495  	-0,03690  	31684121,92977  	289,53278  	-0,57965  	25295332,54600  	0,00539  	0,00395  	-Inf  	-Inf  	0,00405  	0,00399  	0,00395  	0,00392  	1327,62170  	0,00398  	0,00400  
178,21285  	1327,82048  	1327,75450  	1327,82053  	25,44830  	0,04497  	-0,00395  	85706,53851  	-0,00229  	0,00341  	-0,03362  	-0,03556  	39212610,09888  	348,66784  	-0,67662  	25295332,54600  	0,00492  	0,00352  	-Inf  	-Inf  	0,00406  	0,00399  	0,00396  	0,00392  	1327,62170  	0,00398  	0,00400  
179,21397  	-218,25667  	1327,75450  	-218,25667  	25,44703  	0,04883  	-0,00414  	-14090,39482  	-0,00102  	0,00353  	-0,03519  	-0,03713  	26951,87553  	2195,85820  	-0,30208  	-4158623,47001  	0,79028  	0,17251  	-Inf  	-Inf  	0,00406  	0,00400  	0,00396  	0,00392  	-218,26005  	0,00400  	0,00400  
180,21462  	1302,69573  	-219,86539  	-244,98909  	25,44593  	0,05046  	-0,00414  	84084,77381  	-0,00278  	0,00311  	-0,03523  	-0,03717  	4865,06042  	131564,71736  	-0,81989  	24816686,71444  	0,00487  	1,14569  	Inf  	-Inf  	0,00405  	0,00399  	0,00396  	0,00392  	1302,50012  	0,00400  	0,00400  
181,21642  	-223,59460  	-244,98909  	1306,42604  	25,44451  	0,04865  	-0,00425  	-14434,94991  	-0,00227  	0,00335  	-0,03612  	-0,03806  	19363,43001  	2409,07696  	-0,66934  	-4260315,07791  	0,70642  	0,21047  	NaN  	NaN  	0,00405  	0,00399  	0,00396  	0,00392  	-223,59730  	0,00400  	0,00400  
182,21592  	-244,98909  	1307,34964  	1327,82053  	25,44325  	0,04688  	-0,00420  	-15815,93170  	-0,00108  	0,00345  	-0,03572  	-0,03767  	7851263,98701  	44,24070  	-0,31787  	-4667896,50935  	0,57984  	0,00380  	-Inf  	-Inf  	0,00406  	0,00399  	0,00396  	0,00392  	-244,98909  	0,00399  	0,00400  
183,21594  	-244,98909  	1327,75450  	-228,95285  	25,43949  	0,04993  	-0,00410  	-15815,93170  	-0,00187  	0,00328  	-0,03487  	-0,03681  	26038,96768  	3582,79261  	-0,55174  	-4667896,50935  	0,55154  	0,18435  	-Inf  	-Inf  	0,00405  	0,00399  	0,00396  	0,00392  	-244,98909  	0,00400  	0,00400  
184,21593  	-244,98909  	-230,83723  	1313,66808  	25,43789  	0,04507  	-0,00417  	-15815,93170  	-0,00203  	0,00348  	-0,03550  	-0,03744  	25019,38291  	3209,02699  	-0,59922  	-4667896,50935  	0,58492  	0,17795  	NaN  	NaN  	0,00406  	0,00399  	0,00396  	0,00392  	-244,98909  	0,00398  	0,00400  
185,21796  	1315,23800  	-244,98909  	1327,82053  	25,43631  	0,04811  	-0,00406  	84894,35875  	-0,00196  	0,00322  	-0,03452  	-0,03646  	110439,92766  	8353621,80180  	-0,57747  	25055626,71356  	0,00485  	0,18994  	NaN  	NaN  	0,00406  	0,00399  	0,00395  	0,00392  	1315,04081  	0,00399  	0,00400  
186,21917  	-233,66939  	1316,43527  	1327,82053  	25,43442  	0,05053  	-0,00410  	-15085,26218  	-0,00207  	0,00373  	-0,03485  	-0,03679  	8304943,46905  	21,86527  	-0,61186  	-4452247,51974  	0,70561  	0,00403  	-Inf  	-Inf  	0,00406  	0,00399  	0,00396  	0,00392  	-233,67082  	0,00400  	0,00400  
187,22252  	1318,39117  	1327,75450  	-235,55978  	25,43362  	0,04853  	-0,00420  	85097,89061  	-0,00119  	0,00341  	-0,03573  	-0,03767  	124153,88168  	8507304,79553  	-0,35195  	25115696,88020  	0,00507  	0,18422  	NaN  	NaN  	0,00406  	0,00399  	0,00396  	0,00392  	1318,19358  	0,00400  	0,00400  
188,22516  	1327,19386  	-238,09659  	-244,98909  	25,43126  	0,04962  	-0,00420  	85666,09131  	-0,00209  	0,00326  	-0,03574  	-0,03768  	6279,15729  	40031,14462  	-0,61821  	25283395,00454  	0,00472  	1,00258  	Inf  	-Inf  	0,00406  	0,00399  	0,00396  	0,00392  	1326,99516  	0,00400  	0,00400  
189,22510  	-244,98909  	-237,46700  	-244,98909  	25,43077  	0,04970  	-0,00413  	-15330,37186  	-0,00220  	0,00357  	-0,03514  	-0,03708  	1416,53092  	17,23791  	-0,64996  	-4524588,91721  	0,59945  	1,00825  	Inf  	-Inf  	0,00406  	0,00399  	0,00396  	0,00392  	-237,46763  	0,00400  	0,00400  
190,22483  	-244,98909  	1318,32181  	-235,55601  	25,42919  	0,04708  	-0,00400  	85706,53851  	-0,00210  	0,00330  	-0,03404  	-0,03598  	23734,83119  	3372,82180  	-0,62080  	25295332,54600  	0,55509  	0,18592  	-Inf  	-Inf  	0,00406  	0,00399  	0,00396  	0,00392  	1327,62170  	0,00399  	0,00400  
191,22608  	-244,98909  	-235,23223  	1327,82053  	25,42777  	0,04780  	-0,00409  	85706,53851  	-0,00202  	0,00353  	-0,03481  	-0,03675  	26999,09197  	3445,05483  	-0,59532  	25295332,54600  	0,59411  	0,18114  	NaN  	NaN  	0,00406  	0,00399  	0,00396  	0,00392  	1327,62170  	0,00399  	0,00400  
192,22583  	-232,73098  	1327,75450  	1327,82053  	25,42620  	0,04723  	-0,00396  	85706,53851  	-0,00109  	0,00367  	-0,03369  	-0,03563  	8365890,52109  	0,11664  	-0,32314  	25295332,54600  	0,70144  	0,00370  	-Inf  	-Inf  	0,00406  	0,00399  	0,00396  	0,00392  	1327,62170  	0,00399  	0,00400  
193,22765  	1313,67086  	1313,60546  	1327,82053  	25,42477  	0,05313  	-0,00437  	84793,20161  	-0,00252  	0,00346  	-0,03709  	-0,03903  	38107634,22149  	82735,77741  	-0,74464  	25025771,30900  	0,00524  	0,00426  	-Inf  	-Inf  	0,00406  	0,00399  	0,00395  	0,00392  	1313,47386  	0,00401  	0,00400  
194,22985  	-228,33063  	-228,33133  	1311,16208  	25,42288  	0,04175  	-0,00407  	-15815,93170  	-0,00242  	0,00322  	-0,03464  	-0,03658  	21709,66648  	2228,00797  	-0,71392  	-4667896,50935  	0,64508  	0,16483  	NaN  	NaN  	0,00406  	0,00399  	0,00395  	0,00392  	-244,98909  	0,00397  	0,00400  
195,23234  	1327,82048  	1307,34149  	-244,98909  	25,42146  	0,04795  	-0,00415  	-14498,24788  	-0,00159  	0,00359  	-0,03531  	-0,03725  	109377,65278  	8738708,81196  	-0,46805  	-4278996,77121  	0,00519  	0,20665  	NaN  	NaN  	0,00406  	0,00399  	0,00396  	0,00392  	-224,57781  	0,00399  	0,00400  
196,23665  	1299,62832  	-216,79811  	-244,98909  	25,41973  	0,05430  	-0,00426  	85706,53851  	-0,00169  	0,00362  	-0,03624  	-0,03818  	5477,18691  	156446,37917  	-0,49750  	25295332,54600  	0,00574  	1,25779  	Inf  	-Inf  	0,00406  	0,00399  	0,00395  	0,00392  	1327,62170  	0,00401  	0,00400  
197,23821  	-244,98909  	1327,75450  	-212,33995  	25,41861  	0,05185  	-0,00433  	85706,53851  	-0,00223  	0,00328  	-0,03680  	-0,03874  	28842,91713  	3682,42309  	-0,65919  	25295332,54600  	0,55218  	0,17878  	-Inf  	-Inf  	0,00406  	0,00399  	0,00396  	0,00392  	1327,62170  	0,00401  	0,00400  
198,23841  	-207,63839  	1290,40537  	1327,82053  	25,41721  	0,04998  	-0,00437  	85706,53851  	-0,00231  	0,00337  	-0,03709  	-0,03903  	6344030,59856  	45,19179  	-0,68095  	25295332,54600  	0,84863  	0,00416  	-Inf  	-Inf  	0,00405  	0,00399  	0,00396  	0,00392  	1327,62170  	0,00400  	0,00400  
199,24009  	1327,82048  	-244,98909  	1286,67875  	25,41640  	0,05060  	-0,00449  	85706,53851  	-0,00167  	0,00333  	-0,03813  	-0,04007  	88623,90197  	9099119,66372  	-0,49325  	25295332,54600  	0,00480  	0,23870  	Inf  	-Inf  	0,00406  	0,00399  	0,00396  	0,00391  	1327,62170  	0,00400  	0,00400  
200,24232  	1283,82581  	-244,98909  	-200,99441  	25,41514  	0,05004  	-0,00387  	85706,53851  	-0,00140  	0,00372  	-0,03296  	-0,03491  	4699,41099  	207835,93308  	-0,41333  	25295332,54600  	0,00622  	1,28646  	Inf  	-Inf  	0,00406  	0,00399  	0,00396  	0,00393  	1327,62170  	0,00400  	0,00400  
201,24505  	-195,42708  	-195,42916  	1327,82053  	25,41385  	0,05595  	-0,00422  	85706,53851  	-0,00229  	0,00344  	-0,03591  	-0,03785  	27284,32802  	1663,55801  	-0,67567  	25295332,54600  	0,99690  	0,18008  	NaN  	NaN  	0,00406  	0,00399  	0,00395  	0,00392  	1327,62170  	0,00402  	0,00400  
202,24632  	1327,82048  	1327,75450  	1327,82053  	25,41185  	0,04802  	-0,00418  	82182,01540  	-0,00121  	0,00375  	-0,03553  	-0,03747  	43152610,63763  	372,24364  	-0,35763  	24255108,71207  	0,00541  	0,00376  	-Inf  	-Inf  	0,00406  	0,00399  	0,00396  	0,00392  	1273,02588  	0,00399  	0,00400  
203,24762  	1327,82048  	1327,75450  	1270,61603  	25,41129  	0,05021  	-0,00426  	-12123,46776  	-0,00201  	0,00326  	-0,03620  	-0,03814  	32754158,66747  	336816,35077  	-0,59180  	-3578106,80350  	0,00471  	0,00431  	NaN  	NaN  	0,00406  	0,00399  	0,00396  	0,00392  	-187,79181  	0,00400  	0,00400  
204,24933  	1327,82048  	1327,75450  	-244,98909  	25,40856  	0,04561  	-0,00402  	85706,53851  	-0,00190  	0,00328  	-0,03422  	-0,03616  	113605,23215  	8419853,62809  	-0,56015  	25295332,54600  	0,00474  	0,18011  	NaN  	NaN  	0,00406  	0,00399  	0,00396  	0,00392  	1327,62170  	0,00399  	0,00400  
205,25465  	1327,82048  	1261,77844  	-179,01026  	25,40862  	0,05013  	-0,00406  	85706,53851  	-0,00571  	0,00341  	-0,03453  	-0,03648  	117963,85181  	8478385,87965  	-1,68446  	25295332,54600  	0,00492  	0,19797  	NaN  	NaN  	0,00406  	0,00397  	0,00396  	0,00392  	1327,62170  	0,00400  	0,00400  
206,25563  	1327,82048  	-172,87365  	1327,82053  	25,40643  	0,04582  	-0,00411  	81051,40132  	-0,01591  	0,00358  	-0,03497  	-0,03691  	191541,25442  	8072101,88275  	-4,69531  	23921420,52791  	0,00518  	0,13484  	NaN  	NaN  	0,00406  	0,00393  	0,00396  	0,00392  	1255,51235  	0,00399  	0,00400  
207,25562  	1248,83523  	1327,75450  	1327,82053  	25,40485  	0,04676  	-0,00408  	-10717,55337  	-0,01521  	0,00353  	-0,03473  	-0,03667  	38138325,83805  	243,72486  	-4,48816  	-3163166,79194  	0,00666  	0,00366  	-Inf  	-Inf  	0,00406  	0,00393  	0,00396  	0,00392  	-166,01382  	0,00399  	0,00400  
208,25726  	-164,16284  	1327,75450  	1246,99428  	25,40333  	0,05273  	-0,00409  	85706,53851  	-0,01504  	0,00349  	-0,03478  	-0,03672  	4820916,89483  	48,97978  	-4,43924  	25295332,54600  	1,47953  	0,00471  	-Inf  	-Inf  	0,00406  	0,00393  	0,00395  	0,00392  	1327,62170  	0,00401  	0,00400  
209,25977  	1243,63575  	1327,75450  	-160,80435  	25,40279  	0,04863  	-0,00435  	85706,53851  	-0,00725  	0,00351  	-0,03697  	-0,03891  	187969,64691  	5560787,42146  	-2,13837  	25295332,54600  	0,00675  	0,13655  	NaN  	NaN  	0,00406  	0,00397  	0,00396  	0,00392  	1327,62170  	0,00400  	0,00400  
210,25980  	-155,27558  	1238,04475  	1327,82053  	25,40112  	0,05144  	-0,00419  	79915,66765  	-0,00237  	0,00335  	-0,03563  	-0,03757  	4308198,51063  	46,18671  	-0,70065  	23586221,35537  	1,58695  	0,00466  	-Inf  	-Inf  	0,00406  	0,00399  	0,00396  	0,00392  	1237,91953  	0,00401  	0,00400  
211,26406  	1327,82048  	-153,76996  	1236,59757  	25,40057  	0,04788  	-0,00407  	-15815,93170  	-0,00112  	0,00347  	-0,03463  	-0,03658  	120269,88984  	7815054,88477  	-0,33000  	-4667896,50935  	0,00501  	0,18906  	Inf  	-Inf  	0,00406  	0,00399  	0,00396  	0,00392  	-244,98909  	0,00399  	0,00400  
212,26556  	1327,82048  	1234,68530  	-244,98909  	25,39883  	0,05399  	-0,00409  	-15815,93170  	-0,00182  	0,00332  	-0,03479  	-0,03674  	62397,15365  	9377781,29071  	-0,53772  	-4667896,50935  	0,00479  	0,32268  	NaN  	NaN  	0,00406  	0,00399  	0,00396  	0,00392  	-244,98909  	0,00401  	0,00400  
213,26864  	1327,82048  	-143,56215  	-244,98909  	25,39695  	0,04957  	-0,00413  	-9268,70233  	-0,00125  	0,00345  	-0,03515  	-0,03709  	2344,70666  	590138,75188  	-0,36823  	-2735554,50816  	0,00497  	1,90720  	Inf  	-Inf  	0,00406  	0,00399  	0,00396  	0,00392  	-143,57072  	0,00400  	0,00400  
214,26906  	1327,82048  	1221,06399  	-138,29410  	25,39541  	0,04423  	-0,00422  	85706,53851  	-0,00112  	0,00302  	-0,03590  	-0,03784  	104518,91002  	7058369,74930  	-0,33101  	25295332,54600  	0,00436  	0,17470  	NaN  	NaN  	0,00406  	0,00399  	0,00396  	0,00392  	1327,62170  	0,00398  	0,00400  
215,27001  	1218,44044  	-244,98909  	1218,44049  	25,39451  	0,04991  	-0,00434  	78646,22283  	-0,00129  	0,00344  	-0,03687  	-0,03881  	52885,27128  	4911889,87305  	-0,38092  	23211558,82272  	0,00724  	0,32214  	NaN  	NaN  	0,00406  	0,00399  	0,00396  	0,00392  	1218,25548  	0,00400  	0,00400  
216,27393  	-132,51090  	-244,98909  	-244,98909  	25,39405  	0,04568  	-0,00390  	-8555,63519  	0,00074  	0,00340  	-0,03321  	-0,03516  	850,16672  	0,00000  	0,21938  	-2525100,66400  	2,17269  	0,88386  	Inf  	-Inf  	0,00406  	0,00400  	0,00396  	0,00393  	-132,52511  	0,00399  	0,00400  
217,27690  	1327,82048  	-127,62953  	-244,98909  	25,39194  	0,04818  	-0,00413  	78130,83941  	-0,00177  	0,00303  	-0,03512  	-0,03706  	1696,01301  	663759,11991  	-0,52351  	23059449,13285  	0,00437  	2,08854  	Inf  	-Inf  	0,00405  	0,00399  	0,00396  	0,00392  	1210,27205  	0,00399  	0,00400  
218,27791  	1327,82048  	1205,66365  	-244,98909  	25,39105  	0,04875  	-0,00416  	-15815,93170  	0,00189  	0,00339  	-0,03536  	-0,03730  	52034,09871  	8301092,54451  	0,55844  	-4667896,50935  	0,00490  	0,33463  	NaN  	NaN  	0,00406  	0,00401  	0,00396  	0,00392  	-244,98909  	0,00400  	0,00400  
219,27975  	1327,82048  	-117,03707  	-244,98909  	25,39077  	0,05209  	-0,00441  	-15815,93170  	0,00247  	0,00335  	-0,03748  	-0,03942  	1643,96272  	782411,04904  	0,72856  	-4667896,50935  	0,00484  	2,44894  	Inf  	-Inf  	0,00406  	0,00401  	0,00396  	0,00392  	-244,98909  	0,00401  	0,00400  
220,27992  	1327,82048  	1327,75450  	-244,98909  	25,38919  	0,04743  	-0,00397  	-15815,93170  	0,00138  	0,00340  	-0,03379  	-0,03573  	117724,35089  	8756694,51083  	0,40676  	-4667896,50935  	0,00491  	0,18734  	NaN  	NaN  	0,00406  	0,00401  	0,00395  	0,00392  	-244,98909  	0,00399  	0,00400  
221,27993  	1327,82048  	1327,75450  	-110,38351  	25,38772  	0,05144  	-0,00433  	-7127,34597  	-0,00075  	0,00334  	-0,03676  	-0,03870  	253727,45576  	8683867,99122  	-0,22061  	-2103556,97012  	0,00483  	0,11931  	NaN  	NaN  	0,00406  	0,00400  	0,00396  	0,00392  	-110,40052  	0,00400  	0,00400  
222,27992  	1327,82048  	1327,75450  	1191,35524  	25,38720  	0,05277  	-0,00414  	76897,91155  	-0,00516  	0,00352  	-0,03518  	-0,03712  	29088317,45966  	844823,80832  	-1,52342  	22695564,17134  	0,00508  	0,00517  	NaN  	NaN  	0,00406  	0,00398  	0,00396  	0,00392  	1191,17366  	0,00401  	0,00400  
223,27990  	1189,75541  	1189,69522  	-244,98909  	25,38464  	0,04823  	-0,00429  	-6904,04120  	-0,00564  	0,00362  	-0,03648  	-0,03842  	44198,76114  	3984605,13550  	-1,66322  	-2037651,04738  	0,00845  	0,35802  	NaN  	NaN  	0,00406  	0,00397  	0,00396  	0,00392  	-106,94147  	0,00399  	0,00400  
224,27962  	-105,92491  	-244,98909  	-105,92491  	25,38344  	0,04646  	-0,00395  	85706,53851  	0,00025  	0,00341  	-0,03360  	-0,03555  	146,32684  	35,55109  	0,07285  	25295332,54600  	3,15350  	2,38206  	NaN  	NaN  	0,00406  	0,00400  	0,00396  	0,00392  	1327,62170  	0,00399  	0,00400  
225,27921  	1187,81243  	-104,98691  	1327,82053  	25,38285  	0,05202  	-0,00427  	85706,53851  	0,00550  	0,00370  	-0,03628  	-0,03822  	258176,91419  	4246470,22915  	1,62441  	25295332,54600  	0,00871  	0,11823  	NaN  	NaN  	0,00406  	0,00403  	0,00396  	0,00392  	1327,62170  	0,00401  	0,00400  
226,27987  	-104,32365  	1327,75450  	1327,82053  	25,38259  	0,04600  	-0,00414  	85706,53851  	0,00304  	0,00355  	-0,03525  	-0,03719  	4068969,20536  	0,01650  	0,89826  	25295332,54600  	3,35910  	0,00361  	-Inf  	-Inf  	0,00406  	0,00401  	0,00396  	0,00392  	1327,62170  	0,00399  	0,00400  
227,27987  	1327,82048  	1185,32090  	1327,82053  	25,38125  	0,05151  	-0,00392  	76512,28041  	0,00474  	0,00319  	-0,03337  	-0,03531  	25971349,23227  	861565,43488  	1,39947  	22581749,42683  	0,00461  	0,00510  	-Inf  	-Inf  	0,00406  	0,00402  	0,00396  	0,00392  	1185,20013  	0,00401  	0,00400  
228,27926  	1183,77993  	-100,95458  	1327,82053  	25,37914  	0,05170  	-0,00416  	-6518,33295  	0,00449  	0,00365  	-0,03536  	-0,03730  	259422,84236  	4116150,20197  	1,32506  	-1923813,54447  	0,00872  	0,11578  	NaN  	NaN  	0,00406  	0,00402  	0,00396  	0,00392  	-100,96675  	0,00401  	0,00400  
229,27978  	-100,23271  	1327,75450  	1183,06414  	25,37814  	0,04998  	-0,00429  	85706,53851  	0,00378  	0,00354  	-0,03645  	-0,03839  	2759085,40463  	38,06030  	1,11539  	25295332,54600  	3,54768  	0,00496  	-Inf  	-Inf  	0,00406  	0,00402  	0,00396  	0,00392  	1327,62170  	0,00400  	0,00400  
230,27947  	1327,82048  	1327,75450  	-244,98909  	25,37797  	0,05080  	-0,00403  	85706,53851  	0,00441  	0,00304  	-0,03433  	-0,03627  	105221,28060  	9376906,91436  	1,30255  	25295332,54600  	0,00439  	0,20062  	NaN  	NaN  	0,00405  	0,00402  	0,00396  	0,00392  	1327,62170  	0,00400  	0,00400  
231,28328  	1179,75066  	1327,75450  	-244,98909  	25,37634  	0,05068  	-0,00405  	85706,53851  	0,00346  	0,00363  	-0,03445  	-0,03639  	111381,76445  	4344083,20348  	1,01987  	25295332,54600  	0,00881  	0,20017  	NaN  	NaN  	0,00406  	0,00402  	0,00396  	0,00392  	1327,62170  	0,00400  	0,00400  
232,28396  	-244,98909  	1175,50287  	-92,73107  	25,37570  	0,04910  	-0,00379  	85706,53851  	0,00256  	0,00353  	-0,03232  	-0,03426  	25392,60539  	2873,57237  	0,75511  	25295332,54600  	0,59362  	0,19390  	-Inf  	-Inf  	0,00406  	0,00401  	0,00396  	0,00393  	1327,62170  	0,00400  	0,00400  
233,28630  	-89,46757  	-244,98909  	1327,82053  	25,37481  	0,05091  	-0,00421  	85706,53851  	-0,00080  	0,00320  	-0,03582  	-0,03776  	9759,62626  	392,85128  	-0,23686  	25295332,54600  	3,74873  	0,20100  	NaN  	NaN  	0,00406  	0,00400  	0,00396  	0,00392  	1327,62170  	0,00400  	0,00400  
234,28710  	1327,82048  	-84,63953  	1327,82053  	25,37319  	0,04634  	-0,00411  	85706,53851  	0,00256  	0,00372  	-0,03499  	-0,03693  	324949,71625  	7682466,81608  	0,75672  	25295332,54600  	0,00538  	0,09779  	NaN  	NaN  	0,00406  	0,00401  	0,00396  	0,00392  	1327,62170  	0,00399  	0,00400  
235,28731  	1327,82048  	1327,75450  	1327,82053  	25,37250  	0,05108  	-0,00411  	85706,53851  	0,00516  	0,00377  	-0,03494  	-0,03688  	43421128,72155  	395,86070  	1,52352  	25295332,54600  	0,00545  	0,00400  	-Inf  	-Inf  	0,00406  	0,00402  	0,00395  	0,00392  	1327,62170  	0,00400  	0,00400  
236,28948  	1327,82048  	1327,75450  	1161,55029  	25,37138  	0,04910  	-0,00422  	74974,04715  	0,00355  	0,00334  	-0,03585  	-0,03779  	25581922,48010  	957866,39632  	1,04674  	22127756,97240  	0,00482  	0,00506  	NaN  	NaN  	0,00406  	0,00402  	0,00396  	0,00392  	1161,37248  	0,00400  	0,00400  
237,29054  	1158,19452  	1327,75450  	-75,36313  	25,37012  	0,04307  	-0,00422  	-15815,93170  	0,00346  	0,00326  	-0,03587  	-0,03781  	259761,14600  	2920028,66113  	1,02226  	-4667896,50935  	0,00858  	0,08793  	NaN  	NaN  	0,00406  	0,00402  	0,00396  	0,00392  	-244,98909  	0,00398  	0,00400  
238,29121  	-244,98909  	1327,75450  	1154,45973  	25,36887  	0,04971  	-0,00394  	-4625,75527  	0,00351  	0,00349  	-0,03354  	-0,03548  	5448924,21488  	397,62349  	1,03686  	-1365240,27162  	0,58588  	0,00518  	-Inf  	-Inf  	0,00406  	0,00402  	0,00396  	0,00392  	-71,65020  	0,00400  	0,00400  
239,29214  	-68,41718  	1327,75450  	-244,98909  	25,36786  	0,04767  	-0,00425  	85706,53851  	0,00270  	0,00379  	-0,03614  	-0,03808  	9447,88558  	335,95627  	0,79566  	25295332,54600  	6,07470  	0,18825  	NaN  	NaN  	0,00406  	0,00401  	0,00396  	0,00392  	1327,62170  	0,00399  	0,00401  
240,29432  	1327,82048  	1327,75450  	-244,98909  	25,36747  	0,04578  	-0,00435  	74214,19488  	0,00332  	0,00348  	-0,03695  	-0,03889  	120415,25296  	8450441,55304  	0,98041  	21903495,01693  	0,00502  	0,18080  	NaN  	NaN  	0,00406  	0,00402  	0,00396  	0,00392  	1149,60216  	0,00399  	0,00400  
241,29499  	1327,82048  	1327,75450  	-62,35238  	25,36669  	0,04842  	-0,00424  	-4027,00958  	0,00258  	0,00363  	-0,03606  	-0,03800  	356055,07433  	7899068,36778  	0,76115  	-1188527,13380  	0,00524  	0,09435  	NaN  	NaN  	0,00406  	0,00401  	0,00396  	0,00392  	-62,37547  	0,00400  	0,00400  
242,29836  	1141,82303  	1141,76484  	1141,82307  	25,36692  	0,04718  	-0,00428  	85706,53851  	0,00233  	0,00331  	-0,03634  	-0,03828  	12626728,62711  	120,94066  	0,68690  	25295332,54600  	0,00929  	0,00701  	-Inf  	-Inf  	0,00405  	0,00401  	0,00396  	0,00392  	1327,62170  	0,00399  	0,00400  
243,29888  	-244,98909  	-56,41072  	-56,40280  	25,36530  	0,04556  	-0,00398  	85706,53851  	-0,00081  	0,00310  	-0,03388  	-0,03582  	6,54812  	0,01665  	-0,23940  	25295332,54600  	0,52024  	26,99266  	NaN  	NaN  	0,00406  	0,00400  	0,00396  	0,00392  	1327,62170  	0,00399  	0,00400  
244,29977  	-50,30806  	1327,75450  	1133,13949  	25,36340  	0,04518  	-0,00401  	85706,53851  	0,00008  	0,00352  	-0,03414  	-0,03608  	1458745,98673  	37,83655  	0,02425  	25295332,54600  	7,41270  	0,00489  	-Inf  	-Inf  	0,00406  	0,00400  	0,00396  	0,00392  	1327,62170  	0,00398  	0,00400  
245,30357  	1327,82048  	1327,75450  	-48,11270  	25,36169  	0,04805  	-0,00405  	85706,53851  	0,00521  	0,00349  	-0,03443  	-0,03637  	369454,79001  	7758483,87484  	1,53645  	25295332,54600  	0,00505  	0,08905  	NaN  	NaN  	0,00406  	0,00402  	0,00396  	0,00392  	1327,62170  	0,00399  	0,00400  
246,30405  	1327,82048  	1327,75450  	1127,72472  	25,36111  	0,04800  	-0,00442  	85706,53851  	0,00398  	0,00372  	-0,03750  	-0,03944  	26130609,77072  	1126970,33620  	1,17473  	25295332,54600  	0,00537  	0,00524  	NaN  	NaN  	0,00406  	0,00402  	0,00395  	0,00392  	1327,62170  	0,00399  	0,00400  
247,30708  	1123,72261  	1327,75450  	-244,98909  	25,35995  	0,04572  	-0,00399  	72532,33095  	0,00005  	0,00358  	-0,03401  	-0,03595  	104624,57398  	2850850,30196  	0,01394  	21407111,56657  	0,01079  	0,18056  	NaN  	NaN  	0,00406  	0,00400  	0,00396  	0,00392  	1123,54963  	0,00399  	0,00400  
248,30692  	-37,89988  	1327,75450  	-244,98909  	25,35931  	0,04999  	-0,00415  	-15815,93170  	-0,00193  	0,00365  	-0,03532  	-0,03726  	6138,23468  	333,43020  	-0,56870  	-4667896,50935  	9,25585  	0,19744  	NaN  	NaN  	0,00406  	0,00399  	0,00395  	0,00392  	-244,98909  	0,00400  	0,00400  
249,30910  	1327,82048  	1113,77365  	-30,99925  	25,35778  	0,04551  	-0,00421  	-2003,21315  	-0,00117  	0,00350  	-0,03579  	-0,03773  	121264,45822  	6114948,46844  	-0,34432  	-591226,10201  	0,00506  	0,17975  	NaN  	NaN  	0,00406  	0,00399  	0,00396  	0,00392  	-31,02631  	0,00399  	0,00400  
250,31060  	1327,82048  	-28,62285  	1327,82053  	25,35747  	0,04489  	-0,00421  	85706,53851  	-0,00001  	0,00332  	-0,03582  	-0,03776  	388438,03318  	7146895,85480  	-0,00199  	25295332,54600  	0,00480  	0,07774  	NaN  	NaN  	0,00406  	0,00400  	0,00396  	0,00392  	1327,62170  	0,00398  	0,00400  
251,31369  	1107,70878  	1107,65203  	1107,70882  	25,35632  	0,04641  	-0,00400  	85706,53851  	-0,00183  	0,00358  	-0,03405  	-0,03599  	10921790,87396  	95,12101  	-0,53921  	25295332,54600  	0,01150  	0,00785  	-Inf  	-Inf  	0,00406  	0,00399  	0,00396  	0,00392  	1327,62170  	0,00399  	0,00400  
252,31701  	-244,98909  	-244,98909  	-244,98909  	25,35573  	0,04618  	-0,00384  	85706,53851  	-0,00181  	0,00343  	-0,03275  	-0,03470  	1470,22118  	0,00000  	-0,53391  	25295332,54600  	0,57655  	0,89357  	Inf  	-Inf  	0,00406  	0,00399  	0,00396  	0,00393  	1327,62170  	0,00399  	0,00400  
253,31856  	-14,91383  	-14,92348  	-14,91382  	25,35449  	0,04717  	-0,00423  	85706,53851  	-0,00228  	0,00356  	-0,03598  	-0,03792  	0,62210  	0,00191  	-0,67299  	25295332,54600  	12,64113  	92,23108  	NaN  	NaN  	0,00406  	0,00399  	0,00395  	0,00392  	1327,62170  	0,00399  	0,00400  
254,32164  	1092,55778  	1327,75450  	1327,82053  	25,35331  	0,04795  	-0,00408  	85706,53851  	-0,00194  	0,00370  	-0,03468  	-0,03662  	34912603,01494  	104,37475  	-0,57319  	25295332,54600  	0,01263  	0,00376  	-Inf  	-Inf  	0,00406  	0,00399  	0,00396  	0,00392  	1327,62170  	0,00399  	0,00400  
255,32514  	-244,98909  	1088,18505  	1327,82053  	25,35183  	0,04941  	-0,00417  	85706,53851  	-0,00161  	0,00339  	-0,03543  	-0,03738  	4470021,81553  	546,62744  	-0,47415  	25295332,54600  	0,56986  	0,00578  	-Inf  	-Inf  	0,00406  	0,00399  	0,00396  	0,00392  	1327,62170  	0,00400  	0,00400  
256,32650  	-244,98909  	-244,98909  	1079,92696  	25,35105  	0,05009  	-0,00407  	69705,38499  	-0,00215  	0,00320  	-0,03467  	-0,03661  	3855,13893  	3064,17958  	-0,63563  	20572769,87698  	0,53801  	0,66665  	NaN  	NaN  	0,00406  	0,00399  	0,00395  	0,00392  	1079,75946  	0,00400  	0,00400  
257,32953  	7,51468  	-244,98909  	-244,98909  	25,35106  	0,05320  	-0,00435  	482,80353  	-0,00238  	0,00332  	-0,03691  	-0,03885  	93,98061  	0,00000  	-0,70199  	142494,09778  	16,03544  	1,02937  	Inf  	-Inf  	0,00406  	0,00399  	0,00396  	0,00392  	7,48277  	0,00401  	0,00400  
258,33337  	1069,18626  	13,63428  	-244,98909  	25,35027  	0,05358  	-0,00417  	69012,09204  	-0,00219  	0,00338  	-0,03550  	-0,03744  	198,15134  	396256,29811  	-0,64582  	20368152,16516  	0,01270  	7,98325  	Inf  	-Inf  	0,00406  	0,00399  	0,00395  	0,00392  	1069,02017  	0,00401  	0,00400  
259,33359  	-244,98909  	1064,89779  	17,87865  	25,34927  	0,04831  	-0,00435  	-15815,93170  	-0,00236  	0,00350  	-0,03694  	-0,03888  	25176,74080  	2335,28784  	-0,69791  	-4667896,50935  	0,58845  	0,19078  	-Inf  	-Inf  	0,00406  	0,00399  	0,00396  	0,00392  	-244,98909  	0,00399  	0,00400  
260,33404  	24,51006  	24,49875  	1058,32137  	25,34742  	0,04690  	-0,00411  	1579,82928  	-0,00184  	0,00355  	-0,03493  	-0,03687  	79,07039  	202,80231  	-0,54221  	466269,05901  	21,11375  	0,18517  	NaN  	NaN  	0,00406  	0,00399  	0,00396  	0,00392  	24,47600  	0,00399  	0,00400  
261,33478  	1327,82048  	1056,24465  	26,53216  	25,34655  	0,04981  	-0,00400  	85706,53851  	-0,00214  	0,00338  	-0,03407  	-0,03601  	117180,43524  	6019554,37245  	-0,63253  	25295332,54600  	0,00489  	0,19672  	NaN  	NaN  	0,00406  	0,00399  	0,00396  	0,00392  	1327,62170  	0,00400  	0,00400  
262,33714  	1327,82048  	-244,98909  	1053,27777  	25,34546  	0,04866  	-0,00425  	85706,53851  	-0,00192  	0,00338  	-0,03616  	-0,03810  	15606,80963  	7413610,31296  	-0,56539  	25295332,54600  	0,00488  	0,75654  	Inf  	-Inf  	0,00406  	0,00399  	0,00396  	0,00392  	1327,62170  	0,00400  	0,00400  
263,33935  	1049,82238  	32,99734  	33,00902  	25,34511  	0,04766  	-0,00407  	67762,18338  	-0,00201  	0,00343  	-0,03465  	-0,03659  	14,70549  	14,10236  	-0,59362  	19999255,51105  	0,01400  	338,52399  	NaN  	NaN  	0,00406  	0,00399  	0,00396  	0,00392  	1049,65874  	0,00399  	0,00400  
264,33935  	35,94832  	1327,75450  	1327,82053  	25,34467  	0,05114  	-0,00412  	-15815,93170  	-0,00126  	0,00355  	-0,03508  	-0,03702  	332230,09142  	0,01413  	-0,37178  	-4667896,50935  	23,96166  	0,00401  	-Inf  	-Inf  	0,00406  	0,00399  	0,00396  	0,00392  	-244,98909  	0,00400  	0,00400  
265,34255  	1327,82048  	1327,75450  	1043,28269  	25,34418  	0,04732  	-0,00392  	-15815,93170  	-0,00194  	0,00348  	-0,03342  	-0,03536  	19643229,08138  	1579771,69992  	-0,57114  	-4667896,50935  	0,00503  	0,00599  	NaN  	NaN  	0,00406  	0,00399  	0,00396  	0,00392  	-244,98909  	0,00399  	0,00400  
266,34327  	1327,82048  	1327,75450  	44,59864  	25,34291  	0,04760  	-0,00420  	2876,51593  	-0,00260  	0,00342  	-0,03572  	-0,03766  	573228,25762  	7168189,42581  	-0,76868  	848971,71688  	0,00494  	0,06457  	NaN  	NaN  	0,00406  	0,00399  	0,00396  	0,00392  	44,56203  	0,00399  	0,00400  
267,34496  	1033,91955  	1327,75450  	1033,91959  	25,34183  	0,04972  	-0,00403  	85706,53851  	-0,00191  	0,00325  	-0,03427  	-0,03621  	13846691,17473  	334862,01262  	-0,56442  	25295332,54600  	0,01420  	0,00640  	-Inf  	-Inf  	0,00406  	0,00399  	0,00396  	0,00392  	1327,62170  	0,00400  	0,00400  
268,34599  	51,46492  	1327,75450  	51,46493  	25,34124  	0,04619  	-0,00412  	85706,53851  	-0,00185  	0,00344  	-0,03508  	-0,03703  	11937,90016  	246,52998  	-0,54508  	25295332,54600  	27,16053  	0,06127  	-Inf  	-Inf  	0,00406  	0,00399  	0,00396  	0,00392  	1327,62170  	0,00399  	0,00400  
269,34709  	1327,82048  	1327,75450  	1327,82053  	25,33957  	0,05250  	-0,00407  	85706,53851  	-0,00212  	0,00341  	-0,03463  	-0,03657  	39290398,35682  	406,86277  	-0,62549  	25295332,54600  	0,00493  	0,00411  	-Inf  	-Inf  	0,00406  	0,00399  	0,00396  	0,00392  	1327,62170  	0,00401  	0,00400  
270,34802  	1327,82048  	1327,75450  	1327,82053  	25,33848  	0,04770  	-0,00411  	85706,53851  	-0,00280  	0,00366  	-0,03500  	-0,03694  	42165686,78878  	369,65714  	-0,82656  	25295332,54600  	0,00529  	0,00374  	-Inf  	-Inf  	0,00406  	0,00399  	0,00396  	0,00392  	1327,62170  	0,00399  	0,00400  
271,35146  	1021,87412  	1021,82097  	1021,87416  	25,33830  	0,04805  	-0,00393  	85706,53851  	-0,00202  	0,00377  	-0,03349  	-0,03543  	6338991,18913  	54,21711  	-0,59608  	25295332,54600  	0,01735  	0,01147  	-Inf  	-Inf  	0,00406  	0,00399  	0,00396  	0,00392  	1327,62170  	0,00399  	0,00400  
272,35257  	64,86381  	64,85081  	-244,98909  	25,33637  	0,05046  	-0,00421  	85706,53851  	-0,00283  	0,00368  	-0,03578  	-0,03772  	3,39168  	65,37377  	-0,83441  	25295332,54600  	32,87390  	13,02246  	NaN  	NaN  	0,00406  	0,00399  	0,00396  	0,00392  	1327,62170  	0,00400  	0,00400  
273,35359  	1011,06541  	1327,75450  	-244,98909  	25,33548  	0,05240  	-0,00381  	85706,53851  	-0,00255  	0,00345  	-0,03251  	-0,03445  	90447,07518  	1629343,15677  	-0,75375  	25295332,54600  	0,01667  	0,20696  	NaN  	NaN  	0,00406  	0,00399  	0,00396  	0,00393  	1327,62170  	0,00401  	0,00400  
274,35445  	75,29328  	1007,48557  	-244,98909  	25,33432  	0,04908  	-0,00419  	85706,53851  	-0,00207  	0,00368  	-0,03566  	-0,03760  	430,32662  	257,02798  	-0,61089  	25295332,54600  	35,80079  	1,01182  	NaN  	NaN  	0,00406  	0,00399  	0,00396  	0,00392  	1327,62170  	0,00400  	0,00400  
275,35437  	1327,82048  	75,79268  	-244,98909  	25,33363  	0,04882  	-0,00419  	64999,69360  	-0,00246  	0,00364  	-0,03561  	-0,03755  	91,17826  	1837669,81424  	-0,72654  	19183937,34836  	0,00525  	14,29396  	NaN  	NaN  	0,00406  	0,00399  	0,00396  	0,00392  	1006,86702  	0,00400  	0,00400  
276,35602  	1003,77587  	1327,75450  	79,05554  	25,33337  	0,05034  	-0,00174  	-15815,93170  	0,00326  	0,00348  	-0,01540  	-0,01736  	515137,20263  	1184651,71830  	0,96357  	-4667896,50935  	0,01734  	0,06117  	NaN  	NaN  	0,00406  	0,00401  	0,00396  	0,00397  	-244,98909  	0,00400  	0,00400  
277,35798  	79,89872  	1002,88032  	1327,82053  	25,33998  	0,04816  	0,01593  	-15815,93170  	0,01933  	0,17039  	0,13076  	0,12870  	36112973,96080  	65,44297  	5,70633  	-4667896,50935  	1722,23454  	0,00656  	-Inf  	-Inf  	0,00406  	0,00409  	0,00396  	0,00431  	-244,98909  	0,00399  	0,00423  
278,35854  	997,46152  	85,35602  	1327,82053  	25,42963  	0,04651  	0,06354  	5508,23801  	0,03443  	0,54541  	0,52434  	0,52199  	82727950,66304  	1045020,82489  	10,16182  	1625695,24521  	2,79802  	0,05539  	-Inf  	-Inf  	0,00406  	0,00416  	0,00396  	0,00522  	85,32812  	0,00399  	0,00472  
